Application Internal Error - C:\dev\hwgui\samples\ole\iesample.exe
Terminated at: 2026-09-07 18:09:01
Unrecoverable error 6005: Exception error:

    Exception Code:C0000005 ACCESS_VIOLATION
    Exception Address:00007FF6445C6CF4
    RAX:00007FF64469B888  RBX:000000000000000A  RCX:000001D574922868  RDX:0000000000000000
    RSI:000001D572EC7D38  RDI:00007FF644646FFA  RBP:00007FF644641250
    R8 :0000000000000001  R9 :000001D574922860  R10:00007FF644646FEB  R11:000001D574922D0A
    R12:00007FF644627F30  R13:00007FF644693830  R14:000001D572EC7088  R15:00007FF644641450
    CS:RIP:0033:00007FF6445C6CF4  SS:RSP:002B:000000129BF1E7C8
    DS:002B  ES:002B  FS:0053  GS:002B
    Flags:00010206
    Exception Parameters: 0000000000000000 0000000000000000

Modules:
00007FF644500000 00000000001E0000 C:\dev\hwgui\samples\ole\iesample.exe
00007FFA5B3F0000 00000000001F9000 C:\Windows\SYSTEM32\ntdll.dll
00007FFA5B1B0000 00000000000C2000 C:\Windows\System32\KERNEL32.DLL
00007FFA58BC0000 00000000002F7000 C:\Windows\System32\KERNELBASE.dll
00007FFA591C0000 0000000000100000 C:\Windows\System32\ucrtbase.dll
00007FFA5AE40000 000000000019D000 C:\Windows\System32\USER32.dll
00007FFA59370000 0000000000022000 C:\Windows\System32\win32u.dll
00007FFA5AD30000 000000000002B000 C:\Windows\System32\GDI32.dll
00007FFA590A0000 000000000011A000 C:\Windows\System32\gdi32full.dll
00007FFA58AF0000 000000000009D000 C:\Windows\System32\msvcp_win.dll
00007FFA5AD60000 00000000000DA000 C:\Windows\System32\comdlg32.dll
00007FFA59460000 000000000009E000 C:\Windows\System32\msvcrt.dll
00007FFA34710000 00000000000B0000 C:\Windows\WinSxS\amd64_microsoft.windows.common-controls_6595b64144ccf1df_5.82.19041.7291_none_792d678f2443dbb3\COMCTL32.dll
00007FFA5A170000 0000000000353000 C:\Windows\System32\combase.dll
00007FFA5A530000 00000000000B2000 C:\Windows\System32\ADVAPI32.dll
00007FFA59D60000 0000000000126000 C:\Windows\System32\RPCRT4.dll
00007FFA5A770000 00000000000A0000 C:\Windows\System32\sechost.dll
00007FFA59510000 00000000000AD000 C:\Windows\System32\shcore.dll
00007FFA58B90000 0000000000027000 C:\Windows\System32\bcrypt.dll
00007FFA5A5F0000 000000000005B000 C:\Windows\System32\SHLWAPI.dll
00007FFA595E0000 0000000000771000 C:\Windows\System32\SHELL32.dll
00007FFA5B280000 000000000012B000 C:\Windows\System32\ole32.dll
00007FFA5AFE0000 00000000000D6000 C:\Windows\System32\OLEAUT32.dll
00007FFA35B90000 00000000001AB000 C:\Windows\WinSxS\amd64_microsoft.windows.gdiplus_6595b64144ccf1df_1.1.19041.7663_none_91a4dff0cc878661\gdiplus.dll
00007FFA4D120000 0000000000027000 C:\Windows\SYSTEM32\WINMM.dll
00007FFA3F730000 00000000000A4000 C:\Windows\SYSTEM32\WINSPOOL.DRV
00007FFA59E90000 000000000002F000 C:\Windows\System32\IMM32.DLL
00007FFA563F0000 000000000009E000 C:\Windows\system32\uxtheme.dll
00007FFA5A650000 0000000000116000 C:\Windows\System32\MSCTF.dll
00007FFA489D0000 00000000000AC000 C:\Windows\SYSTEM32\TextShaping.dll
00007FFA568E0000 0000000000012000 C:\Windows\SYSTEM32\kernel.appcore.dll
00007FFA58A60000 0000000000082000 C:\Windows\System32\bcryptPrimitives.dll
00007FFA5A810000 00000000000A9000 C:\Windows\System32\clbcatq.dll
00007FFA03100000 000000000076C000 C:\Windows\System32\ieframe.dll
00007FFA4CB50000 0000000000019000 C:\Windows\System32\NETAPI32.dll
00007FFA4F6B0000 00000000002BE000 C:\Windows\System32\iertutil.dll
00007FFA4D720000 000000000000A000 C:\Windows\System32\VERSION.dll
00007FFA58940000 000000000002E000 C:\Windows\System32\USERENV.dll
00007FFA52460000 000000000010D000 C:\Windows\System32\WINHTTP.dll
00007FFA50460000 0000000000028000 C:\Windows\System32\srvcli.dll
00007FFA57ED0000 000000000000C000 C:\Windows\System32\netutils.dll
00007FFA57B20000 0000000000019000 C:\Windows\System32\WKSCLI.DLL
00007FFA406C0000 000000000029B000 C:\Windows\WinSxS\amd64_microsoft.windows.common-controls_6595b64144ccf1df_6.0.19041.7663_none_60b9ed0b71f50c93\comctl32.dll
00007FFA3F8B0000 000000000003E000 C:\Windows\system32\dataexchange.dll
00007FFA54E20000 00000000001E5000 C:\Windows\system32\dcomp.dll
00007FFA549A0000 0000000000264000 C:\Windows\system32\d3d11.dll
00007FFA572B0000 00000000000F6000 C:\Windows\system32\dxgi.dll
00007FFA51AB0000 0000000000203000 C:\Windows\system32\twinapi.appcore.dll

Called from DEFERROR(67) in source\winapi\herrsys.prg
Called from (b)HWG_ERRSYS(20) in source\winapi\herrsys.prg
Called from ONEVENT(0)
Called from HWGAX_EMBEDBROWSEROBJECT(0)
Called from HHTML:ACTIVATE(65) in activex\hhtml.prg
Called from HHTML:NEW(55) in activex\hhtml.prg
Called from MAIN(38) in iesample.prg
------------------------------------------------------------------------
Application Internal Error - C:\dev\hwgui\samples\ole\iesample.exe
Terminated at: 2026-09-07 18:10:11
Unrecoverable error 6005: Exception error:

    Exception Code:C0000005 ACCESS_VIOLATION
    Exception Address:00007FF6AA600D6B
    RAX:00FFFFF98141C031  RBX:000001800A567998  RCX:00007FF6AA791508  RDX:00007FF6AA6B69B0
    RSI:00007FF6AA6B69B0  RDI:00007FF6AA791508  RBP:000000730215F110
    R8 :000000730215EC78  R9 :0000000000000000  R10:00000000000504F4  R11:0000000000000246
    R12:00007FF6AA7921F0  R13:00000000000304EA  R14:00007FF6AA791508  R15:000000730215EC78
    CS:RIP:0033:00007FF6AA600D6B  SS:RSP:002B:000000730215EBC0
    DS:002B  ES:002B  FS:0053  GS:002B
    Flags:00010286
    Exception Parameters: 0000000000000000 FFFFFFFFFFFFFFFF

Modules:
00007FF6AA5F0000 00000000001E0000 C:\dev\hwgui\samples\ole\iesample.exe
00007FFA5B3F0000 00000000001F9000 C:\Windows\SYSTEM32\ntdll.dll
00007FFA5B1B0000 00000000000C2000 C:\Windows\System32\KERNEL32.DLL
00007FFA58BC0000 00000000002F7000 C:\Windows\System32\KERNELBASE.dll
00007FFA591C0000 0000000000100000 C:\Windows\System32\ucrtbase.dll
00007FFA5AE40000 000000000019D000 C:\Windows\System32\USER32.dll
00007FFA59370000 0000000000022000 C:\Windows\System32\win32u.dll
00007FFA5AD30000 000000000002B000 C:\Windows\System32\GDI32.dll
00007FFA590A0000 000000000011A000 C:\Windows\System32\gdi32full.dll
00007FFA58AF0000 000000000009D000 C:\Windows\System32\msvcp_win.dll
00007FFA5AD60000 00000000000DA000 C:\Windows\System32\comdlg32.dll
00007FFA59460000 000000000009E000 C:\Windows\System32\msvcrt.dll
00007FFA5A170000 0000000000353000 C:\Windows\System32\combase.dll
00007FFA59D60000 0000000000126000 C:\Windows\System32\RPCRT4.dll
00007FFA59510000 00000000000AD000 C:\Windows\System32\shcore.dll
00007FFA34710000 00000000000B0000 C:\Windows\WinSxS\amd64_microsoft.windows.common-controls_6595b64144ccf1df_5.82.19041.7291_none_792d678f2443dbb3\COMCTL32.dll
00007FFA5A5F0000 000000000005B000 C:\Windows\System32\SHLWAPI.dll
00007FFA595E0000 0000000000771000 C:\Windows\System32\SHELL32.dll
00007FFA5A530000 00000000000B2000 C:\Windows\System32\ADVAPI32.dll
00007FFA5B280000 000000000012B000 C:\Windows\System32\ole32.dll
00007FFA5A770000 00000000000A0000 C:\Windows\System32\sechost.dll
00007FFA5AFE0000 00000000000D6000 C:\Windows\System32\OLEAUT32.dll
00007FFA58B90000 0000000000027000 C:\Windows\System32\bcrypt.dll
00007FFA3F730000 00000000000A4000 C:\Windows\SYSTEM32\WINSPOOL.DRV
00007FFA35B90000 00000000001AB000 C:\Windows\WinSxS\amd64_microsoft.windows.gdiplus_6595b64144ccf1df_1.1.19041.7663_none_91a4dff0cc878661\gdiplus.dll
00007FFA4D120000 0000000000027000 C:\Windows\SYSTEM32\WINMM.dll
00007FFA59E90000 000000000002F000 C:\Windows\System32\IMM32.DLL
00007FFA563F0000 000000000009E000 C:\Windows\system32\uxtheme.dll
00007FFA5A650000 0000000000116000 C:\Windows\System32\MSCTF.dll
00007FFA489D0000 00000000000AC000 C:\Windows\SYSTEM32\TextShaping.dll
00007FFA568E0000 0000000000012000 C:\Windows\SYSTEM32\kernel.appcore.dll
00007FFA58A60000 0000000000082000 C:\Windows\System32\bcryptPrimitives.dll
00007FFA5A810000 00000000000A9000 C:\Windows\System32\clbcatq.dll
00007FFA03100000 000000000076C000 C:\Windows\System32\ieframe.dll
00007FFA4F6B0000 00000000002BE000 C:\Windows\System32\iertutil.dll
00007FFA4CB50000 0000000000019000 C:\Windows\System32\NETAPI32.dll
00007FFA4D720000 000000000000A000 C:\Windows\System32\VERSION.dll
00007FFA58940000 000000000002E000 C:\Windows\System32\USERENV.dll
00007FFA52460000 000000000010D000 C:\Windows\System32\WINHTTP.dll
00007FFA50460000 0000000000028000 C:\Windows\System32\srvcli.dll
00007FFA57ED0000 000000000000C000 C:\Windows\System32\netutils.dll
00007FFA57B20000 0000000000019000 C:\Windows\System32\WKSCLI.DLL
00007FFA406C0000 000000000029B000 C:\Windows\WinSxS\amd64_microsoft.windows.common-controls_6595b64144ccf1df_6.0.19041.7663_none_60b9ed0b71f50c93\comctl32.dll
00007FFA3F8B0000 000000000003E000 C:\Windows\system32\dataexchange.dll
00007FFA54E20000 00000000001E5000 C:\Windows\system32\dcomp.dll
00007FFA549A0000 0000000000264000 C:\Windows\system32\d3d11.dll
000Application Internal Error - C:\dev\hwgui\samples\ole\iesample.exe
Terminated at: 2026-09-07 18:10:42
Unrecoverable error 6005: Exception error:

    Exception Code:C0000005 ACCESS_VIOLATION
    Exception Address:00007FF6AA600D6B
    RAX:00FFFFF98141C031  RBX:000001CF89A57918  RCX:00007FF6AA791508  RDX:00007FF6AA6B69B0
    RSI:00007FF6AA6B69B0  RDI:00007FF6AA791508  RBP:0000008490F0EFD0
    R8 :0000008490F0EB38  R9 :0000000000000000  R10:000000000030048A  R11:0000000000000246
    R12:00007FF6AA7921F0  R13:00000000000504D8  R14:00007FF6AA791508  R15:0000008490F0EB38
    CS:RIP:0033:00007FF6AA600D6B  SS:RSP:002B:0000008490F0EA80
    DS:002B  ES:002B  FS:0053  GS:002B
    Flags:00010286
    Exception Parameters: 0000000000000000 FFFFFFFFFFFFFFFF

Modules:
00007FF6AA5F0000 00000000001E0000 C:\dev\hwgui\samples\ole\iesample.exe
00007FFA5B3F0000 00000000001F9000 C:\Windows\SYSTEM32\ntdll.dll
00007FFA5B1B0000 00000000000C2000 C:\Windows\System32\KERNEL32.DLL
00007FFA58BC0000 00000000002F7000 C:\Windows\System32\KERNELBASE.dll
00007FFA591C0000 0000000000100000 C:\Windows\System32\ucrtbase.dll
00007FFA5AE40000 000000000019D000 C:\Windows\System32\USER32.dll
00007FFA59370000 0000000000022000 C:\Windows\System32\win32u.dll
00007FFA5AD30000 000000000002B000 C:\Windows\System32\GDI32.dll
00007FFA590A0000 000000000011A000 C:\Windows\System32\gdi32full.dll
00007FFA58AF0000 000000000009D000 C:\Windows\System32\msvcp_win.dll
00007FFA5AD60000 00000000000DA000 C:\Windows\System32\comdlg32.dll
00007FFA59460000 000000000009E000 C:\Windows\System32\msvcrt.dll
00007FFA5A170000 0000000000353000 C:\Windows\System32\combase.dll
00007FFA59D60000 0000000000126000 C:\Windows\System32\RPCRT4.dll
00007FFA59510000 00000000000AD000 C:\Windows\System32\shcore.dll
00007FFA5A5F0000 000000000005B000 C:\Windows\System32\SHLWAPI.dll
00007FFA595E0000 0000000000771000 C:\Windows\System32\SHELL32.dll
00007FFA5A530000 00000000000B2000 C:\Windows\System32\ADVAPI32.dll
00007FFA5A770000 00000000000A0000 C:\Windows\System32\sechost.dll
00007FFA58B90000 0000000000027000 C:\Windows\System32\bcrypt.dll
00007FFA5B280000 000000000012B000 C:\Windows\System32\ole32.dll
00007FFA5AFE0000 00000000000D6000 C:\Windows\System32\OLEAUT32.dll
00007FFA34710000 00000000000B0000 C:\Windows\WinSxS\amd64_microsoft.windows.common-controls_6595b64144ccf1df_5.82.19041.7291_none_792d678f2443dbb3\COMCTL32.dll
00007FFA35B90000 00000000001AB000 C:\Windows\WinSxS\amd64_microsoft.windows.gdiplus_6595b64144ccf1df_1.1.19041.7663_none_91a4dff0cc878661\gdiplus.dll
00007FFA3F730000 00000000000A4000 C:\Windows\SYSTEM32\WINSPOOL.DRV
00007FFA4D120000 0000000000027000 C:\Windows\SYSTEM32\WINMM.dll
00007FFA59E90000 000000000002F000 C:\Windows\System32\IMM32.DLL
00007FFA563F0000 000000000009E000 C:\Windows\system32\uxtheme.dll
00007FFA5A650000 0000000000116000 C:\Windows\System32\MSCTF.dll
00007FFA489D0000 00000000000AC000 C:\Windows\SYSTEM32\TextShaping.dll
00007FFA568E0000 0000000000012000 C:\Windows\SYSTEM32\kernel.appcore.dll
00007FFA58A60000 0000000000082000 C:\Windows\System32\bcryptPrimitives.dll
00007FFA5A810000 00000000000A9000 C:\Windows\System32\clbcatq.dll
00007FFA03100000 000000000076C000 C:\Windows\System32\ieframe.dll
00007FFA4F6B0000 00000000002BE000 C:\Windows\System32\iertutil.dll
00007FFA4CB50000 0000000000019000 C:\Windows\System32\NETAPI32.dll
00007FFA4D720000 000000000000A000 C:\Windows\System32\VERSION.dll
00007FFA58940000 000000000002E000 C:\Windows\System32\USERENV.dll
00007FFA52460000 000000000010D000 C:\Windows\System32\WINHTTP.dll
00007FFA50460000 0000000000028000 C:\Windows\System32\srvcli.dll
00007FFA57ED0000 000000000000C000 C:\Windows\System32\netutils.dll
00007FFA57B20000 0000000000019000 C:\Windows\System32\WKSCLI.DLL
00007FFA406C0000 000000000029B000 C:\Windows\WinSxS\amd64_microsoft.windows.common-controls_6595b64144ccf1df_6.0.19041.7663_none_60b9ed0b71f50c93\comctl32.dll
00007FFA3F8B0000 000000000003E000 C:\Windows\system32\dataexchange.dll
00007FFA54E20000 00000000001E5000 C:\Windows\system32\dcomp.dll
00007FFA549A0000 0000000000264000 C:\Windows\system32\d3d11.dll
000Application Internal Error - C:\dev\hwgui\samples\ole\iesample.exe
Terminated at: 2026-09-07 18:32:37
Unrecoverable error 6005: Exception error:

    Exception Code:C0000005 ACCESS_VIOLATION
    Exception Address:00007FF6AA600D6B
    RAX:00FFFFF98141C031  RBX:000001E331537918  RCX:00007FF6AA791508  RDX:00007FF6AA6B69B0
    RSI:00007FF6AA6B69B0  RDI:00007FF6AA791508  RBP:0000002F3CEFF280
    R8 :0000002F3CEFEDE8  R9 :0000000000000000  R10:00000000005404BA  R11:0000000000000246
    R12:00007FF6AA7921F0  R13:00000000007E01F6  R14:00007FF6AA791508  R15:0000002F3CEFEDE8
    CS:RIP:0033:00007FF6AA600D6B  SS:RSP:002B:0000002F3CEFED30
    DS:002B  ES:002B  FS:0053  GS:002B
    Flags:00010286
    Exception Parameters: 0000000000000000 FFFFFFFFFFFFFFFF

Modules:
00007FF6AA5F0000 00000000001E0000 C:\dev\hwgui\samples\ole\iesample.exe
00007FFA5B3F0000 00000000001F9000 C:\Windows\SYSTEM32\ntdll.dll
00007FFA5B1B0000 00000000000C2000 C:\Windows\System32\KERNEL32.DLL
00007FFA58BC0000 00000000002F7000 C:\Windows\System32\KERNELBASE.dll
00007FFA591C0000 0000000000100000 C:\Windows\System32\ucrtbase.dll
00007FFA5AE40000 000000000019D000 C:\Windows\System32\USER32.dll
00007FFA59370000 0000000000022000 C:\Windows\System32\win32u.dll
00007FFA5AD30000 000000000002B000 C:\Windows\System32\GDI32.dll
00007FFA590A0000 000000000011A000 C:\Windows\System32\gdi32full.dll
00007FFA58AF0000 000000000009D000 C:\Windows\System32\msvcp_win.dll
00007FFA5AD60000 00000000000DA000 C:\Windows\System32\comdlg32.dll
00007FFA59460000 000000000009E000 C:\Windows\System32\msvcrt.dll
00007FFA5A170000 0000000000353000 C:\Windows\System32\combase.dll
00007FFA59D60000 0000000000126000 C:\Windows\System32\RPCRT4.dll
00007FFA59510000 00000000000AD000 C:\Windows\System32\shcore.dll
00007FFA5A5F0000 000000000005B000 C:\Windows\System32\SHLWAPI.dll
00007FFA595E0000 0000000000771000 C:\Windows\System32\SHELL32.dll
00007FFA34710000 00000000000B0000 C:\Windows\WinSxS\amd64_microsoft.windows.common-controls_6595b64144ccf1df_5.82.19041.7291_none_792d678f2443dbb3\COMCTL32.dll
00007FFA5A530000 00000000000B2000 C:\Windows\System32\ADVAPI32.dll
00007FFA5B280000 000000000012B000 C:\Windows\System32\ole32.dll
00007FFA5A770000 00000000000A0000 C:\Windows\System32\sechost.dll
00007FFA5AFE0000 00000000000D6000 C:\Windows\System32\OLEAUT32.dll
00007FFA58B90000 0000000000027000 C:\Windows\System32\bcrypt.dll
00007FFA3F730000 00000000000A4000 C:\Windows\SYSTEM32\WINSPOOL.DRV
00007FFA4D120000 0000000000027000 C:\Windows\SYSTEM32\WINMM.dll
00007FFA35B90000 00000000001AB000 C:\Windows\WinSxS\amd64_microsoft.windows.gdiplus_6595b64144ccf1df_1.1.19041.7663_none_91a4dff0cc878661\gdiplus.dll
00007FFA59E90000 000000000002F000 C:\Windows\System32\IMM32.DLL
00007FFA563F0000 000000000009E000 C:\Windows\system32\uxtheme.dll
00007FFA5A650000 0000000000116000 C:\Windows\System32\MSCTF.dll
00007FFA489D0000 00000000000AC000 C:\Windows\SYSTEM32\TextShaping.dll
00007FFA568E0000 0000000000012000 C:\Windows\SYSTEM32\kernel.appcore.dll
00007FFA58A60000 0000000000082000 C:\Windows\System32\bcryptPrimitives.dll
00007FFA5A810000 00000000000A9000 C:\Windows\System32\clbcatq.dll
00007FFA03100000 000000000076C000 C:\Windows\System32\ieframe.dll
00007FFA4CB50000 0000000000019000 C:\Windows\System32\NETAPI32.dll
00007FFA4F6B0000 00000000002BE000 C:\Windows\System32\iertutil.dll
00007FFA58940000 000000000002E000 C:\Windows\System32\USERENV.dll
00007FFA4D720000 000000000000A000 C:\Windows\System32\VERSION.dll
00007FFA52460000 000000000010D000 C:\Windows\System32\WINHTTP.dll
00007FFA50460000 0000000000028000 C:\Windows\System32\srvcli.dll
00007FFA57ED0000 000000000000C000 C:\Windows\System32\netutils.dll
00007FFA57B20000 0000000000019000 C:\Windows\System32\WKSCLI.DLL
00007FFA406C0000 000000000029B000 C:\Windows\WinSxS\amd64_microsoft.windows.common-controls_6595b64144ccf1df_6.0.19041.7663_none_60b9ed0b71f50c93\comctl32.dll
00007FFA3F8B0000 000000000003E000 C:\Windows\system32\dataexchange.dll
00007FFA549A0000 0000000000264000 C:\Windows\system32\d3d11.dll
00007FFA54E20000 00000000001E5000 C:\Windows\system32\dcomp.dll
000Application Internal Error - C:\dev\hwgui\samples\ole\iesample.exe
Terminated at: 2026-09-07 18:32:56
Unrecoverable error 6005: Exception error:

    Exception Code:C0000005 ACCESS_VIOLATION
    Exception Address:00007FF6AA60AB78
    RAX:0000000080004002  RBX:000000564F6FEC58  RCX:0000000000000000  RDX:0000000000000000
    RSI:000001721107FF48  RDI:00007FF6AA77D880  RBP:000000564F6FF0F0
    R8 :000000564F6FEC58  R9 :0000000000000000  R10:0000000000007EC0  R11:0000000000000246
    R12:00007FF6AA7921F0  R13:00000000002704C2  R14:00000172110878E8  R15:0000017211113B78
    CS:RIP:0033:00007FF6AA60AB78  SS:RSP:002B:000000564F6FEBE0
    DS:002B  ES:002B  FS:0053  GS:002B
    Flags:00010293
    Exception Parameters: 0000000000000000 0000000080004004

Modules:
00007FF6AA5F0000 00000000001E0000 C:\dev\hwgui\samples\ole\iesample.exe
00007FFA5B3F0000 00000000001F9000 C:\Windows\SYSTEM32\ntdll.dll
00007FFA5B1B0000 00000000000C2000 C:\Windows\System32\KERNEL32.DLL
00007FFA58BC0000 00000000002F7000 C:\Windows\System32\KERNELBASE.dll
00007FFA591C0000 0000000000100000 C:\Windows\System32\ucrtbase.dll
00007FFA5AE40000 000000000019D000 C:\Windows\System32\USER32.dll
00007FFA59370000 0000000000022000 C:\Windows\System32\win32u.dll
00007FFA5AD30000 000000000002B000 C:\Windows\System32\GDI32.dll
00007FFA590A0000 000000000011A000 C:\Windows\System32\gdi32full.dll
00007FFA58AF0000 000000000009D000 C:\Windows\System32\msvcp_win.dll
00007FFA5AD60000 00000000000DA000 C:\Windows\System32\comdlg32.dll
00007FFA59460000 000000000009E000 C:\Windows\System32\msvcrt.dll
00007FFA34710000 00000000000B0000 C:\Windows\WinSxS\amd64_microsoft.windows.common-controls_6595b64144ccf1df_5.82.19041.7291_none_792d678f2443dbb3\COMCTL32.dll
00007FFA5A170000 0000000000353000 C:\Windows\System32\combase.dll
00007FFA59D60000 0000000000126000 C:\Windows\System32\RPCRT4.dll
00007FFA5A530000 00000000000B2000 C:\Windows\System32\ADVAPI32.dll
00007FFA59510000 00000000000AD000 C:\Windows\System32\shcore.dll
00007FFA5A770000 00000000000A0000 C:\Windows\System32\sechost.dll
00007FFA5A5F0000 000000000005B000 C:\Windows\System32\SHLWAPI.dll
00007FFA58B90000 0000000000027000 C:\Windows\System32\bcrypt.dll
00007FFA595E0000 0000000000771000 C:\Windows\System32\SHELL32.dll
00007FFA5B280000 000000000012B000 C:\Windows\System32\ole32.dll
00007FFA5AFE0000 00000000000D6000 C:\Windows\System32\OLEAUT32.dll
00007FFA35B90000 00000000001AB000 C:\Windows\WinSxS\amd64_microsoft.windows.gdiplus_6595b64144ccf1df_1.1.19041.7663_none_91a4dff0cc878661\gdiplus.dll
00007FFA4D120000 0000000000027000 C:\Windows\SYSTEM32\WINMM.dll
00007FFA3F730000 00000000000A4000 C:\Windows\SYSTEM32\WINSPOOL.DRV
00007FFA59E90000 000000000002F000 C:\Windows\System32\IMM32.DLL
00007FFA563F0000 000000000009E000 C:\Windows\system32\uxtheme.dll
00007FFA5A650000 0000000000116000 C:\Windows\System32\MSCTF.dll
00007FFA489D0000 00000000000AC000 C:\Windows\SYSTEM32\TextShaping.dll
00007FFA568E0000 0000000000012000 C:\Windows\SYSTEM32\kernel.appcore.dll
00007FFA58A60000 0000000000082000 C:\Windows\System32\bcryptPrimitives.dll
00007FFA5A810000 00000000000A9000 C:\Windows\System32\clbcatq.dll
00007FFA03100000 000000000076C000 C:\Windows\System32\ieframe.dll
00007FFA4D720000 000000000000A000 C:\Windows\System32\VERSION.dll
00007FFA4CB50000 0000000000019000 C:\Windows\System32\NETAPI32.dll
00007FFA4F6B0000 00000000002BE000 C:\Windows\System32\iertutil.dll
00007FFA58940000 000000000002E000 C:\Windows\System32\USERENV.dll
00007FFA52460000 000000000010D000 C:\Windows\System32\WINHTTP.dll
00007FFA50460000 0000000000028000 C:\Windows\System32\srvcli.dll
00007FFA57ED0000 000000000000C000 C:\Windows\System32\netutils.dll
00007FFA57B20000 0000000000019000 C:\Windows\System32\WKSCLI.DLL
00007FFA406C0000 000000000029B000 C:\Windows\WinSxS\amd64_microsoft.windows.common-controls_6595b64144ccf1df_6.0.19041.7663_none_60b9ed0b71f50c93\comctl32.dll
00007FFA3F8B0000 000000000003E000 C:\Windows\system32\dataexchange.dll
00007FFA549A0000 0000000000264000 C:\Windows\system32\d3d11.dll
00007FFA54E20000 00000000001E5000 C:\Windows\system32\dcomp.dll
00007FFA572B0000 00000000000F6000 C:\Windows\system32\dxgi.dll
00007FFA51AB0000 0000000000203000 C:\Windows\system32\twinapi.appcore.dll

Called from ONEVENT(0)
------------------------------------------------------------------------
Application Internal Error - C:\dev\hwgui\samples\ole\iesample.exe
Terminated at: 2026-09-07 18:35:39
Unrecoverable error 6005: Exception error:

    Exception Code:C0000005 ACCESS_VIOLATION
    Exception Address:00007FF738D20D6B
    RAX:00FFFFF98141C031  RBX:0000014B9C3E7918  RCX:00007FF738EB1508  RDX:00007FF738DD69B0
    RSI:00007FF738DD69B0  RDI:00007FF738EB1508  RBP:000000096EAFF310
    R8 :000000096EAFEE78  R9 :0000000000000000  R10:0000000000250458  R11:0000000000000246
    R12:00007FF738EB21F0  R13:00000000000E02F2  R14:00007FF738EB1508  R15:000000096EAFEE78
    CS:RIP:0033:00007FF738D20D6B  SS:RSP:002B:000000096EAFEDC0
    DS:002B  ES:002B  FS:0053  GS:002B
    Flags:00010286
    Exception Parameters: 0000000000000000 FFFFFFFFFFFFFFFF

Modules:
00007FF738D10000 00000000001E0000 C:\dev\hwgui\samples\ole\iesample.exe
00007FFA5B3F0000 00000000001F9000 C:\Windows\SYSTEM32\ntdll.dll
00007FFA5B1B0000 00000000000C2000 C:\Windows\System32\KERNEL32.DLL
00007FFA58BC0000 00000000002F7000 C:\Windows\System32\KERNELBASE.dll
00007FFA591C0000 0000000000100000 C:\Windows\System32\ucrtbase.dll
00007FFA5AE40000 000000000019D000 C:\Windows\System32\USER32.dll
00007FFA59370000 0000000000022000 C:\Windows\System32\win32u.dll
00007FFA5AD30000 000000000002B000 C:\Windows\System32\GDI32.dll
00007FFA590A0000 000000000011A000 C:\Windows\System32\gdi32full.dll
00007FFA58AF0000 000000000009D000 C:\Windows\System32\msvcp_win.dll
00007FFA5AD60000 00000000000DA000 C:\Windows\System32\comdlg32.dll
00007FFA59460000 000000000009E000 C:\Windows\System32\msvcrt.dll
00007FFA34710000 00000000000B0000 C:\Windows\WinSxS\amd64_microsoft.windows.common-controls_6595b64144ccf1df_5.82.19041.7291_none_792d678f2443dbb3\COMCTL32.dll
00007FFA5A170000 0000000000353000 C:\Windows\System32\combase.dll
00007FFA5A530000 00000000000B2000 C:\Windows\System32\ADVAPI32.dll
00007FFA59D60000 0000000000126000 C:\Windows\System32\RPCRT4.dll
00007FFA5A770000 00000000000A0000 C:\Windows\System32\sechost.dll
00007FFA59510000 00000000000AD000 C:\Windows\System32\shcore.dll
00007FFA58B90000 0000000000027000 C:\Windows\System32\bcrypt.dll
00007FFA5A5F0000 000000000005B000 C:\Windows\System32\SHLWAPI.dll
00007FFA595E0000 0000000000771000 C:\Windows\System32\SHELL32.dll
00007FFA5B280000 000000000012B000 C:\Windows\System32\ole32.dll
00007FFA5AFE0000 00000000000D6000 C:\Windows\System32\OLEAUT32.dll
00007FFA35B90000 00000000001AB000 C:\Windows\WinSxS\amd64_microsoft.windows.gdiplus_6595b64144ccf1df_1.1.19041.7663_none_91a4dff0cc878661\gdiplus.dll
00007FFA4D120000 0000000000027000 C:\Windows\SYSTEM32\WINMM.dll
00007FFA3F730000 00000000000A4000 C:\Windows\SYSTEM32\WINSPOOL.DRV
00007FFA59E90000 000000000002F000 C:\Windows\System32\IMM32.DLL
00007FFA563F0000 000000000009E000 C:\Windows\system32\uxtheme.dll
00007FFA5A650000 0000000000116000 C:\Windows\System32\MSCTF.dll
00007FFA489D0000 00000000000AC000 C:\Windows\SYSTEM32\TextShaping.dll
00007FFA568E0000 0000000000012000 C:\Windows\SYSTEM32\kernel.appcore.dll
00007FFA58A60000 0000000000082000 C:\Windows\System32\bcryptPrimitives.dll
00007FFA5A810000 00000000000A9000 C:\Windows\System32\clbcatq.dll
00007FFA03100000 000000000076C000 C:\Windows\System32\ieframe.dll
00007FFA4F6B0000 00000000002BE000 C:\Windows\System32\iertutil.dll
00007FFA4D720000 000000000000A000 C:\Windows\System32\VERSION.dll
00007FFA4CB50000 0000000000019000 C:\Windows\System32\NETAPI32.dll
00007FFA58940000 000000000002E000 C:\Windows\System32\USERENV.dll
00007FFA52460000 000000000010D000 C:\Windows\System32\WINHTTP.dll
00007FFA50460000 0000000000028000 C:\Windows\System32\srvcli.dll
00007FFA57ED0000 000000000000C000 C:\Windows\System32\netutils.dll
00007FFA57B20000 0000000000019000 C:\Windows\System32\WKSCLI.DLL
00007FFA406C0000 000000000029B000 C:\Windows\WinSxS\amd64_microsoft.windows.common-controls_6595b64144ccf1df_6.0.19041.7663_none_60b9ed0b71f50c93\comctl32.dll
00007FFA3F8B0000 000000000003E000 C:\Windows\system32\dataexchange.dll
00007FFA549A0000 0000000000264000 C:\Windows\system32\d3d11.dll
00007FFA54E20000 00000000001E5000 C:\Windows\system32\dcomp.dll
000Application Internal Error - C:\dev\hwgui\samples\ole\iesample.exe
Terminated at: 2026-09-07 18:39:30
Unrecoverable error 6005: Exception error:

    Exception Code:C0000005 ACCESS_VIOLATION
    Exception Address:00007FF7B39B0D6B
    RAX:00FFFFF98141C031  RBX:00000184DB937918  RCX:00007FF7B3B41508  RDX:00007FF7B3A669B0
    RSI:00007FF7B3A669B0  RDI:00007FF7B3B41508  RBP:00000044562FEC70
    R8 :00000044562FE7D8  R9 :0000000000000000  R10:00000000006E04AA  R11:0000000000000246
    R12:00007FF7B3B421F0  R13:00000000000C06A2  R14:00007FF7B3B41508  R15:00000044562FE7D8
    CS:RIP:0033:00007FF7B39B0D6B  SS:RSP:002B:00000044562FE720
    DS:002B  ES:002B  FS:0053  GS:002B
    Flags:00010286
    Exception Parameters: 0000000000000000 FFFFFFFFFFFFFFFF

Modules:
00007FF7B39A0000 00000000001E0000 C:\dev\hwgui\samples\ole\iesample.exe
00007FFA5B3F0000 00000000001F9000 C:\Windows\SYSTEM32\ntdll.dll
00007FFA5B1B0000 00000000000C2000 C:\Windows\System32\KERNEL32.DLL
00007FFA58BC0000 00000000002F7000 C:\Windows\System32\KERNELBASE.dll
00007FFA591C0000 0000000000100000 C:\Windows\System32\ucrtbase.dll
00007FFA5AE40000 000000000019D000 C:\Windows\System32\USER32.dll
00007FFA59370000 0000000000022000 C:\Windows\System32\win32u.dll
00007FFA5AD30000 000000000002B000 C:\Windows\System32\GDI32.dll
00007FFA590A0000 000000000011A000 C:\Windows\System32\gdi32full.dll
00007FFA58AF0000 000000000009D000 C:\Windows\System32\msvcp_win.dll
00007FFA5AD60000 00000000000DA000 C:\Windows\System32\comdlg32.dll
00007FFA34710000 00000000000B0000 C:\Windows\WinSxS\amd64_microsoft.windows.common-controls_6595b64144ccf1df_5.82.19041.7291_none_792d678f2443dbb3\COMCTL32.dll
00007FFA59460000 000000000009E000 C:\Windows\System32\msvcrt.dll
00007FFA5A530000 00000000000B2000 C:\Windows\System32\ADVAPI32.dll
00007FFA5A170000 0000000000353000 C:\Windows\System32\combase.dll
00007FFA5A770000 00000000000A0000 C:\Windows\System32\sechost.dll
00007FFA59D60000 0000000000126000 C:\Windows\System32\RPCRT4.dll
00007FFA58B90000 0000000000027000 C:\Windows\System32\bcrypt.dll
00007FFA59510000 00000000000AD000 C:\Windows\System32\shcore.dll
00007FFA5A5F0000 000000000005B000 C:\Windows\System32\SHLWAPI.dll
00007FFA595E0000 0000000000771000 C:\Windows\System32\SHELL32.dll
00007FFA5B280000 000000000012B000 C:\Windows\System32\ole32.dll
00007FFA5AFE0000 00000000000D6000 C:\Windows\System32\OLEAUT32.dll
00007FFA35B90000 00000000001AB000 C:\Windows\WinSxS\amd64_microsoft.windows.gdiplus_6595b64144ccf1df_1.1.19041.7663_none_91a4dff0cc878661\gdiplus.dll
00007FFA3F730000 00000000000A4000 C:\Windows\SYSTEM32\WINSPOOL.DRV
00007FFA4D120000 0000000000027000 C:\Windows\SYSTEM32\WINMM.dll
00007FFA59E90000 000000000002F000 C:\Windows\System32\IMM32.DLL
00007FFA563F0000 000000000009E000 C:\Windows\system32\uxtheme.dll
00007FFA5A650000 0000000000116000 C:\Windows\System32\MSCTF.dll
00007FFA489D0000 00000000000AC000 C:\Windows\SYSTEM32\TextShaping.dll
00007FFA568E0000 0000000000012000 C:\Windows\SYSTEM32\kernel.appcore.dll
00007FFA58A60000 0000000000082000 C:\Windows\System32\bcryptPrimitives.dll
00007FFA5A810000 00000000000A9000 C:\Windows\System32\clbcatq.dll
00007FFA03100000 000000000076C000 C:\Windows\System32\ieframe.dll
00007FFA4CB50000 0000000000019000 C:\Windows\System32\NETAPI32.dll
00007FFA4F6B0000 00000000002BE000 C:\Windows\System32\iertutil.dll
00007FFA58940000 000000000002E000 C:\Windows\System32\USERENV.dll
00007FFA4D720000 000000000000A000 C:\Windows\System32\VERSION.dll
00007FFA52460000 000000000010D000 C:\Windows\System32\WINHTTP.dll
00007FFA50460000 0000000000028000 C:\Windows\System32\srvcli.dll
00007FFA57ED0000 000000000000C000 C:\Windows\System32\netutils.dll
00007FFA57B20000 0000000000019000 C:\Windows\System32\WKSCLI.DLL
00007FFA406C0000 000000000029B000 C:\Windows\WinSxS\amd64_microsoft.windows.common-controls_6595b64144ccf1df_6.0.19041.7663_none_60b9ed0b71f50c93\comctl32.dll
00007FFA3F8B0000 000000000003E000 C:\Windows\system32\dataexchange.dll
00007FFA549A0000 0000000000264000 C:\Windows\system32\d3d11.dll
00007FFA54E20000 00000000001E5000 C:\Windows\system32\dcomp.dll
000Application Internal Error - C:\dev\hwgui\samples\ole\iesample.exe
Terminated at: 2026-09-07 18:39:33
Unrecoverable error 6005: Exception error:

    Exception Code:C0000005 ACCESS_VIOLATION
    Exception Address:00007FF7B39BAB78
    RAX:0000000080004002  RBX:00000027AF0FEDF8  RCX:0000000000000000  RDX:0000000000000000
    RSI:000001F8B386FF48  RDI:00007FF7B3B2D880  RBP:00000027AF0FF290
    R8 :00000027AF0FEDF8  R9 :0000000000000000  R10:0000000000007EC0  R11:0000000000000246
    R12:00007FF7B3B421F0  R13:0000000000170426  R14:000001F8B38778E8  R15:000001F8B3903B78
    CS:RIP:0033:00007FF7B39BAB78  SS:RSP:002B:00000027AF0FED80
    DS:002B  ES:002B  FS:0053  GS:002B
    Flags:00010293
    Exception Parameters: 0000000000000000 0000000080004004

Modules:
00007FF7B39A0000 00000000001E0000 C:\dev\hwgui\samples\ole\iesample.exe
00007FFA5B3F0000 00000000001F9000 C:\Windows\SYSTEM32\ntdll.dll
00007FFA5B1B0000 00000000000C2000 C:\Windows\System32\KERNEL32.DLL
00007FFA58BC0000 00000000002F7000 C:\Windows\System32\KERNELBASE.dll
00007FFA591C0000 0000000000100000 C:\Windows\System32\ucrtbase.dll
00007FFA5AE40000 000000000019D000 C:\Windows\System32\USER32.dll
00007FFA59370000 0000000000022000 C:\Windows\System32\win32u.dll
00007FFA5AD30000 000000000002B000 C:\Windows\System32\GDI32.dll
00007FFA590A0000 000000000011A000 C:\Windows\System32\gdi32full.dll
00007FFA58AF0000 000000000009D000 C:\Windows\System32\msvcp_win.dll
00007FFA5AD60000 00000000000DA000 C:\Windows\System32\comdlg32.dll
00007FFA59460000 000000000009E000 C:\Windows\System32\msvcrt.dll
00007FFA5A170000 0000000000353000 C:\Windows\System32\combase.dll
00007FFA34710000 00000000000B0000 C:\Windows\WinSxS\amd64_microsoft.windows.common-controls_6595b64144ccf1df_5.82.19041.7291_none_792d678f2443dbb3\COMCTL32.dll
00007FFA59D60000 0000000000126000 C:\Windows\System32\RPCRT4.dll
00007FFA5A530000 00000000000B2000 C:\Windows\System32\ADVAPI32.dll
00007FFA59510000 00000000000AD000 C:\Windows\System32\shcore.dll
00007FFA5A770000 00000000000A0000 C:\Windows\System32\sechost.dll
00007FFA5A5F0000 000000000005B000 C:\Windows\System32\SHLWAPI.dll
00007FFA58B90000 0000000000027000 C:\Windows\System32\bcrypt.dll
00007FFA595E0000 0000000000771000 C:\Windows\System32\SHELL32.dll
00007FFA5B280000 000000000012B000 C:\Windows\System32\ole32.dll
00007FFA5AFE0000 00000000000D6000 C:\Windows\System32\OLEAUT32.dll
00007FFA35B90000 00000000001AB000 C:\Windows\WinSxS\amd64_microsoft.windows.gdiplus_6595b64144ccf1df_1.1.19041.7663_none_91a4dff0cc878661\gdiplus.dll
00007FFA4D120000 0000000000027000 C:\Windows\SYSTEM32\WINMM.dll
00007FFA3F730000 00000000000A4000 C:\Windows\SYSTEM32\WINSPOOL.DRV
00007FFA59E90000 000000000002F000 C:\Windows\System32\IMM32.DLL
00007FFA563F0000 000000000009E000 C:\Windows\system32\uxtheme.dll
00007FFA5A650000 0000000000116000 C:\Windows\System32\MSCTF.dll
00007FFA489D0000 00000000000AC000 C:\Windows\SYSTEM32\TextShaping.dll
00007FFA568E0000 0000000000012000 C:\Windows\SYSTEM32\kernel.appcore.dll
00007FFA58A60000 0000000000082000 C:\Windows\System32\bcryptPrimitives.dll
00007FFA5A810000 00000000000A9000 C:\Windows\System32\clbcatq.dll
00007FFA03100000 000000000076C000 C:\Windows\System32\ieframe.dll
00007FFA4F6B0000 00000000002BE000 C:\Windows\System32\iertutil.dll
00007FFA4CB50000 0000000000019000 C:\Windows\System32\NETAPI32.dll
00007FFA4D720000 000000000000A000 C:\Windows\System32\VERSION.dll
00007FFA58940000 000000000002E000 C:\Windows\System32\USERENV.dll
00007FFA52460000 000000000010D000 C:\Windows\System32\WINHTTP.dll
00007FFA50460000 0000000000028000 C:\Windows\System32\srvcli.dll
00007FFA57ED0000 000000000000C000 C:\Windows\System32\netutils.dll
00007FFA57B20000 0000000000019000 C:\Windows\System32\WKSCLI.DLL
00007FFA406C0000 000000000029B000 C:\Windows\WinSxS\amd64_microsoft.windows.common-controls_6595b64144ccf1df_6.0.19041.7663_none_60b9ed0b71f50c93\comctl32.dll
00007FFA3F8B0000 000000000003E000 C:\Windows\system32\dataexchange.dll
00007FFA549A0000 0000000000264000 C:\Windows\system32\d3d11.dll
00007FFA54E20000 00000000001E5000 C:\Windows\system32\dcomp.dll
00007FFA572B0000 00000000000F6000 C:\Windows\system32\dxgi.dll
00007FFA51AB0000 0000000000203000 C:\Windows\system32\twinapi.appcore.dll

Called from ONEVENT(0)
------------------------------------------------------------------------
Application Internal Error - C:\dev\hwgui\samples\ole\iesample.exe
Terminated at: 2026-09-07 18:47:00
Unrecoverable error 6005: Exception error:

    Exception Code:C0000005 ACCESS_VIOLATION
    Exception Address:00007FF70238AB78
    RAX:0000000080004002  RBX:000000EAAF8FE978  RCX:0000000000000000  RDX:0000000000000000
    RSI:0000022846F6FCB8  RDI:00007FF7024FD880  RBP:000000EAAF8FEE10
    R8 :000000EAAF8FE978  R9 :0000000000000000  R10:0000000000007EC0  R11:0000000000000246
    R12:00007FF7025121F0  R13:0000000000150494  R14:0000022846FC7968  R15:0000022848905E28
    CS:RIP:0033:00007FF70238AB78  SS:RSP:002B:000000EAAF8FE900
    DS:002B  ES:002B  FS:0053  GS:002B
    Flags:00010293
    Exception Parameters: 0000000000000000 0000000080004004

Modules:
00007FF702370000 00000000001E0000 C:\dev\hwgui\samples\ole\iesample.exe
00007FFA5B3F0000 00000000001F9000 C:\Windows\SYSTEM32\ntdll.dll
00007FFA5B1B0000 00000000000C2000 C:\Windows\System32\KERNEL32.DLL
00007FFA58BC0000 00000000002F7000 C:\Windows\System32\KERNELBASE.dll
00007FFA591C0000 0000000000100000 C:\Windows\System32\ucrtbase.dll
00007FFA5AE40000 000000000019D000 C:\Windows\System32\USER32.dll
00007FFA59370000 0000000000022000 C:\Windows\System32\win32u.dll
00007FFA5AD30000 000000000002B000 C:\Windows\System32\GDI32.dll
00007FFA590A0000 000000000011A000 C:\Windows\System32\gdi32full.dll
00007FFA58AF0000 000000000009D000 C:\Windows\System32\msvcp_win.dll
00007FFA5AD60000 00000000000DA000 C:\Windows\System32\comdlg32.dll
00007FFA59460000 000000000009E000 C:\Windows\System32\msvcrt.dll
00007FFA34710000 00000000000B0000 C:\Windows\WinSxS\amd64_microsoft.windows.common-controls_6595b64144ccf1df_5.82.19041.7291_none_792d678f2443dbb3\COMCTL32.dll
00007FFA5A170000 0000000000353000 C:\Windows\System32\combase.dll
00007FFA5A530000 00000000000B2000 C:\Windows\System32\ADVAPI32.dll
00007FFA59D60000 0000000000126000 C:\Windows\System32\RPCRT4.dll
00007FFA5A770000 00000000000A0000 C:\Windows\System32\sechost.dll
00007FFA59510000 00000000000AD000 C:\Windows\System32\shcore.dll
00007FFA58B90000 0000000000027000 C:\Windows\System32\bcrypt.dll
00007FFA5A5F0000 000000000005B000 C:\Windows\System32\SHLWAPI.dll
00007FFA595E0000 0000000000771000 C:\Windows\System32\SHELL32.dll
00007FFA5B280000 000000000012B000 C:\Windows\System32\ole32.dll
00007FFA5AFE0000 00000000000D6000 C:\Windows\System32\OLEAUT32.dll
00007FFA35B90000 00000000001AB000 C:\Windows\WinSxS\amd64_microsoft.windows.gdiplus_6595b64144ccf1df_1.1.19041.7663_none_91a4dff0cc878661\gdiplus.dll
00007FFA3F730000 00000000000A4000 C:\Windows\SYSTEM32\WINSPOOL.DRV
00007FFA4D120000 0000000000027000 C:\Windows\SYSTEM32\WINMM.dll
00007FFA59E90000 000000000002F000 C:\Windows\System32\IMM32.DLL
00007FFA563F0000 000000000009E000 C:\Windows\system32\uxtheme.dll
00007FFA5A650000 0000000000116000 C:\Windows\System32\MSCTF.dll
00007FFA489D0000 00000000000AC000 C:\Windows\SYSTEM32\TextShaping.dll
00007FFA568E0000 0000000000012000 C:\Windows\SYSTEM32\kernel.appcore.dll
00007FFA58A60000 0000000000082000 C:\Windows\System32\bcryptPrimitives.dll
00007FFA5A810000 00000000000A9000 C:\Windows\System32\clbcatq.dll
00007FFA03100000 000000000076C000 C:\Windows\System32\ieframe.dll
00007FFA4F6B0000 00000000002BE000 C:\Windows\System32\iertutil.dll
00007FFA4D720000 000000000000A000 C:\Windows\System32\VERSION.dll
00007FFA58940000 000000000002E000 C:\Windows\System32\USERENV.dll
00007FFA4CB50000 0000000000019000 C:\Windows\System32\NETAPI32.dll
00007FFA52460000 000000000010D000 C:\Windows\System32\WINHTTP.dll
00007FFA50460000 0000000000028000 C:\Windows\System32\srvcli.dll
00007FFA57ED0000 000000000000C000 C:\Windows\System32\netutils.dll
00007FFA57B20000 0000000000019000 C:\Windows\System32\WKSCLI.DLL
00007FFA406C0000 000000000029B000 C:\Windows\WinSxS\amd64_microsoft.windows.common-controls_6595b64144ccf1df_6.0.19041.7663_none_60b9ed0b71f50c93\comctl32.dll
00007FFA3F8B0000 000000000003E000 C:\Windows\system32\dataexchange.dll
00007FFA54E20000 00000000001E5000 C:\Windows\system32\dcomp.dll
00007FFA549A0000 0000000000264000 C:\Windows\system32\d3d11.dll
00007FFA572B0000 00000000000F6000 C:\Windows\system32\dxgi.dll
00007FFA51AB0000 0000000000203000 C:\Windows\system32\twinapi.appcore.dll

Called from ONEVENT(0)
------------------------------------------------------------------------
Application Internal Error - C:\dev\hwgui\samples\ole\iesample.exe
Terminated at: 2026-09-07 18:51:50
Unrecoverable error 6005: Exception error:

    Exception Code:C0000005 ACCESS_VIOLATION
    Exception Address:00007FF77A420D8B
    RAX:00FFFFF98141C031  RBX:000001EB58FA7918  RCX:00007FF77A5B1528  RDX:00007FF77A4D69D0
    RSI:00007FF77A4D69D0  RDI:00007FF77A5B1528  RBP:0000004D7233EC90
    R8 :0000004D7233E7F8  R9 :0000000000000000  R10:00000000002404DA  R11:0000000000000246
    R12:00007FF77A5B2210  R13:00000000005103EA  R14:00007FF77A5B1528  R15:0000004D7233E7F8
    CS:RIP:0033:00007FF77A420D8B  SS:RSP:002B:0000004D7233E740
    DS:002B  ES:002B  FS:0053  GS:002B
    Flags:00010286
    Exception Parameters: 0000000000000000 FFFFFFFFFFFFFFFF

Modules:
00007FF77A410000 00000000001E0000 C:\dev\hwgui\samples\ole\iesample.exe
00007FFA5B3F0000 00000000001F9000 C:\Windows\SYSTEM32\ntdll.dll
00007FFA5B1B0000 00000000000C2000 C:\Windows\System32\KERNEL32.DLL
00007FFA58BC0000 00000000002F7000 C:\Windows\System32\KERNELBASE.dll
00007FFA591C0000 0000000000100000 C:\Windows\System32\ucrtbase.dll
00007FFA5AE40000 000000000019D000 C:\Windows\System32\USER32.dll
00007FFA59370000 0000000000022000 C:\Windows\System32\win32u.dll
00007FFA5AD30000 000000000002B000 C:\Windows\System32\GDI32.dll
00007FFA590A0000 000000000011A000 C:\Windows\System32\gdi32full.dll
00007FFA58AF0000 000000000009D000 C:\Windows\System32\msvcp_win.dll
00007FFA5AD60000 00000000000DA000 C:\Windows\System32\comdlg32.dll
00007FFA59460000 000000000009E000 C:\Windows\System32\msvcrt.dll
00007FFA5A170000 0000000000353000 C:\Windows\System32\combase.dll
00007FFA34710000 00000000000B0000 C:\Windows\WinSxS\amd64_microsoft.windows.common-controls_6595b64144ccf1df_5.82.19041.7291_none_792d678f2443dbb3\COMCTL32.dll
00007FFA59D60000 0000000000126000 C:\Windows\System32\RPCRT4.dll
00007FFA5A530000 00000000000B2000 C:\Windows\System32\ADVAPI32.dll
00007FFA59510000 00000000000AD000 C:\Windows\System32\shcore.dll
00007FFA5A5F0000 000000000005B000 C:\Windows\System32\SHLWAPI.dll
00007FFA5A770000 00000000000A0000 C:\Windows\System32\sechost.dll
00007FFA595E0000 0000000000771000 C:\Windows\System32\SHELL32.dll
00007FFA58B90000 0000000000027000 C:\Windows\System32\bcrypt.dll
00007FFA5B280000 000000000012B000 C:\Windows\System32\ole32.dll
00007FFA5AFE0000 00000000000D6000 C:\Windows\System32\OLEAUT32.dll
00007FFA4D120000 0000000000027000 C:\Windows\SYSTEM32\WINMM.dll
00007FFA3F730000 00000000000A4000 C:\Windows\SYSTEM32\WINSPOOL.DRV
00007FFA35B90000 00000000001AB000 C:\Windows\WinSxS\amd64_microsoft.windows.gdiplus_6595b64144ccf1df_1.1.19041.7663_none_91a4dff0cc878661\gdiplus.dll
00007FFA59E90000 000000000002F000 C:\Windows\System32\IMM32.DLL
00007FFA563F0000 000000000009E000 C:\Windows\system32\uxtheme.dll
00007FFA5A650000 0000000000116000 C:\Windows\System32\MSCTF.dll
00007FFA489D0000 00000000000AC000 C:\Windows\SYSTEM32\TextShaping.dll
00007FFA568E0000 0000000000012000 C:\Windows\SYSTEM32\kernel.appcore.dll
00007FFA58A60000 0000000000082000 C:\Windows\System32\bcryptPrimitives.dll
00007FFA5A810000 00000000000A9000 C:\Windows\System32\clbcatq.dll
00007FFA03100000 000000000076C000 C:\Windows\System32\ieframe.dll
00007FFA4CB50000 0000000000019000 C:\Windows\System32\NETAPI32.dll
00007FFA4F6B0000 00000000002BE000 C:\Windows\System32\iertutil.dll
00007FFA4D720000 000000000000A000 C:\Windows\System32\VERSION.dll
00007FFA52460000 000000000010D000 C:\Windows\System32\WINHTTP.dll
00007FFA50460000 0000000000028000 C:\Windows\System32\srvcli.dll
00007FFA57ED0000 000000000000C000 C:\Windows\System32\netutils.dll
00007FFA58940000 000000000002E000 C:\Windows\System32\USERENV.dll
00007FFA57B20000 0000000000019000 C:\Windows\System32\WKSCLI.DLL
00007FFA406C0000 000000000029B000 C:\Windows\WinSxS\amd64_microsoft.windows.common-controls_6595b64144ccf1df_6.0.19041.7663_none_60b9ed0b71f50c93\comctl32.dll
00007FFA3F8B0000 000000000003E000 C:\Windows\system32\dataexchange.dll
00007FFA549A0000 0000000000264000 C:\Windows\system32\d3d11.dll
00007FFA54E20000 00000000001E5000 C:\Windows\system32\dcomp.dll
000Application Internal Error - C:\dev\hwgui\samples\ole\iesample.exe
Terminated at: 2026-09-07 19:01:20
Unrecoverable error 9001: Error recovery failure
------------------------------------------------------------------------
Application Internal Error - C:\dev\hwgui\samples\ole\iesample.exe
Terminated at: 2026-09-07 19:03:04
Unrecoverable error 6005: Exception error:

    Exception Code:C0000005 ACCESS_VIOLATION
    Exception Address:00007FF68E5B0D8B
    RAX:00FFFFF98141C031  RBX:00000245B0757918  RCX:00007FF68E741528  RDX:00007FF68E6669D0
    RSI:00007FF68E6669D0  RDI:00007FF68E741528  RBP:000000C9784FF210
    R8 :000000C9784FED78  R9 :0000000000000000  R10:0000000000060716  R11:0000000000000246
    R12:00007FF68E742210  R13:00000000006B003A  R14:00007FF68E741528  R15:000000C9784FED78
    CS:RIP:0033:00007FF68E5B0D8B  SS:RSP:002B:000000C9784FECC0
    DS:002B  ES:002B  FS:0053  GS:002B
    Flags:00010286
    Exception Parameters: 0000000000000000 FFFFFFFFFFFFFFFF

Modules:
00007FF68E5A0000 00000000001E0000 C:\dev\hwgui\samples\ole\iesample.exe
00007FFA5B3F0000 00000000001F9000 C:\Windows\SYSTEM32\ntdll.dll
00007FFA5B1B0000 00000000000C2000 C:\Windows\System32\KERNEL32.DLL
00007FFA58BC0000 00000000002F7000 C:\Windows\System32\KERNELBASE.dll
00007FFA591C0000 0000000000100000 C:\Windows\System32\ucrtbase.dll
00007FFA5AE40000 000000000019D000 C:\Windows\System32\USER32.dll
00007FFA59370000 0000000000022000 C:\Windows\System32\win32u.dll
00007FFA5AD30000 000000000002B000 C:\Windows\System32\GDI32.dll
00007FFA590A0000 000000000011A000 C:\Windows\System32\gdi32full.dll
00007FFA58AF0000 000000000009D000 C:\Windows\System32\msvcp_win.dll
00007FFA5AD60000 00000000000DA000 C:\Windows\System32\comdlg32.dll
00007FFA34710000 00000000000B0000 C:\Windows\WinSxS\amd64_microsoft.windows.common-controls_6595b64144ccf1df_5.82.19041.7291_none_792d678f2443dbb3\COMCTL32.dll
00007FFA59460000 000000000009E000 C:\Windows\System32\msvcrt.dll
00007FFA5A530000 00000000000B2000 C:\Windows\System32\ADVAPI32.dll
00007FFA5A170000 0000000000353000 C:\Windows\System32\combase.dll
00007FFA59D60000 0000000000126000 C:\Windows\System32\RPCRT4.dll
00007FFA5A770000 00000000000A0000 C:\Windows\System32\sechost.dll
00007FFA58B90000 0000000000027000 C:\Windows\System32\bcrypt.dll
00007FFA59510000 00000000000AD000 C:\Windows\System32\shcore.dll
00007FFA5A5F0000 000000000005B000 C:\Windows\System32\SHLWAPI.dll
00007FFA595E0000 0000000000771000 C:\Windows\System32\SHELL32.dll
00007FFA5B280000 000000000012B000 C:\Windows\System32\ole32.dll
00007FFA5AFE0000 00000000000D6000 C:\Windows\System32\OLEAUT32.dll
00007FFA35B90000 00000000001AB000 C:\Windows\WinSxS\amd64_microsoft.windows.gdiplus_6595b64144ccf1df_1.1.19041.7663_none_91a4dff0cc878661\gdiplus.dll
00007FFA4D120000 0000000000027000 C:\Windows\SYSTEM32\WINMM.dll
00007FFA3F730000 00000000000A4000 C:\Windows\SYSTEM32\WINSPOOL.DRV
00007FFA59E90000 000000000002F000 C:\Windows\System32\IMM32.DLL
00007FFA563F0000 000000000009E000 C:\Windows\system32\uxtheme.dll
00007FFA5A650000 0000000000116000 C:\Windows\System32\MSCTF.dll
00007FFA489D0000 00000000000AC000 C:\Windows\SYSTEM32\TextShaping.dll
00007FFA568E0000 0000000000012000 C:\Windows\SYSTEM32\kernel.appcore.dll
00007FFA58A60000 0000000000082000 C:\Windows\System32\bcryptPrimitives.dll
00007FFA5A810000 00000000000A9000 C:\Windows\System32\clbcatq.dll
00007FFA03100000 000000000076C000 C:\Windows\System32\ieframe.dll
00007FFA4CB50000 0000000000019000 C:\Windows\System32\NETAPI32.dll
00007FFA4D720000 000000000000A000 C:\Windows\System32\VERSION.dll
00007FFA58940000 000000000002E000 C:\Windows\System32\USERENV.dll
00007FFA4F6B0000 00000000002BE000 C:\Windows\System32\iertutil.dll
00007FFA52460000 000000000010D000 C:\Windows\System32\WINHTTP.dll
00007FFA57ED0000 000000000000C000 C:\Windows\System32\netutils.dll
00007FFA50460000 0000000000028000 C:\Windows\System32\srvcli.dll
00007FFA57B20000 0000000000019000 C:\Windows\System32\WKSCLI.DLL
00007FFA406C0000 000000000029B000 C:\Windows\WinSxS\amd64_microsoft.windows.common-controls_6595b64144ccf1df_6.0.19041.7663_none_60b9ed0b71f50c93\comctl32.dll
00007FFA3F8B0000 000000000003E000 C:\Windows\system32\dataexchange.dll
00007FFA549A0000 0000000000264000 C:\Windows\system32\d3d11.dll
00007FFA54E20000 00000000001E5000 C:\Windows\system32\dcomp.dll
000Application Internal Error - C:\dev\hwgui\samples\ole\iesample.exe
Terminated at: 2026-09-07 19:05:49
Unrecoverable error 6005: Exception error:

    Exception Code:C0000005 ACCESS_VIOLATION
    Exception Address:00007FF6AE79D127
    RAX:00007FF6AE90B920  RBX:000000034B18E7F8  RCX:00000120C1207918  RDX:00007FF6AE90B860
    RSI:00000120C11FFF48  RDI:00007FF6AE8FD8A0  RBP:000000034B18EC90
    R8 :00047FAC23092F10  R9 :0000000000000000  R10:00000000001A04DE  R11:0000000000000246
    R12:00007FF6AE912210  R13:0000000000350458  R14:00000120C12078E8  R15:00000120C1293B78
    CS:RIP:0033:00007FF6AE79D127  SS:RSP:002B:000000034B18E730
    DS:002B  ES:002B  FS:0053  GS:002B
    Flags:00010202
    Exception Parameters: 0000000000000000 FFFFFFFFFFFFFFFF

Modules:
00007FF6AE770000 00000000001E0000 C:\dev\hwgui\samples\ole\iesample.exe
00007FFA5B3F0000 00000000001F9000 C:\Windows\SYSTEM32\ntdll.dll
00007FFA5B1B0000 00000000000C2000 C:\Windows\System32\KERNEL32.DLL
00007FFA58BC0000 00000000002F7000 C:\Windows\System32\KERNELBASE.dll
00007FFA591C0000 0000000000100000 C:\Windows\System32\ucrtbase.dll
00007FFA5AE40000 000000000019D000 C:\Windows\System32\USER32.dll
00007FFA59370000 0000000000022000 C:\Windows\System32\win32u.dll
00007FFA5AD30000 000000000002B000 C:\Windows\System32\GDI32.dll
00007FFA590A0000 000000000011A000 C:\Windows\System32\gdi32full.dll
00007FFA58AF0000 000000000009D000 C:\Windows\System32\msvcp_win.dll
00007FFA5AD60000 00000000000DA000 C:\Windows\System32\comdlg32.dll
00007FFA59460000 000000000009E000 C:\Windows\System32\msvcrt.dll
00007FFA5A170000 0000000000353000 C:\Windows\System32\combase.dll
00007FFA59D60000 0000000000126000 C:\Windows\System32\RPCRT4.dll
00007FFA59510000 00000000000AD000 C:\Windows\System32\shcore.dll
00007FFA5A5F0000 000000000005B000 C:\Windows\System32\SHLWAPI.dll
00007FFA34710000 00000000000B0000 C:\Windows\WinSxS\amd64_microsoft.windows.common-controls_6595b64144ccf1df_5.82.19041.7291_none_792d678f2443dbb3\COMCTL32.dll
00007FFA595E0000 0000000000771000 C:\Windows\System32\SHELL32.dll
00007FFA5A530000 00000000000B2000 C:\Windows\System32\ADVAPI32.dll
00007FFA5B280000 000000000012B000 C:\Windows\System32\ole32.dll
00007FFA5A770000 00000000000A0000 C:\Windows\System32\sechost.dll
00007FFA5AFE0000 00000000000D6000 C:\Windows\System32\OLEAUT32.dll
00007FFA58B90000 0000000000027000 C:\Windows\System32\bcrypt.dll
00007FFA35B90000 00000000001AB000 C:\Windows\WinSxS\amd64_microsoft.windows.gdiplus_6595b64144ccf1df_1.1.19041.7663_none_91a4dff0cc878661\gdiplus.dll
00007FFA3F730000 00000000000A4000 C:\Windows\SYSTEM32\WINSPOOL.DRV
00007FFA4D120000 0000000000027000 C:\Windows\SYSTEM32\WINMM.dll
00007FFA59E90000 000000000002F000 C:\Windows\System32\IMM32.DLL
00007FFA563F0000 000000000009E000 C:\Windows\system32\uxtheme.dll
00007FFA5A650000 0000000000116000 C:\Windows\System32\MSCTF.dll
00007FFA489D0000 00000000000AC000 C:\Windows\SYSTEM32\TextShaping.dll
00007FFA568E0000 0000000000012000 C:\Windows\SYSTEM32\kernel.appcore.dll
00007FFA58A60000 0000000000082000 C:\Windows\System32\bcryptPrimitives.dll
00007FFA5A810000 00000000000A9000 C:\Windows\System32\clbcatq.dll
00007FFA03100000 000000000076C000 C:\Windows\System32\ieframe.dll
00007FFA4F6B0000 00000000002BE000 C:\Windows\System32\iertutil.dll
00007FFA4CB50000 0000000000019000 C:\Windows\System32\NETAPI32.dll
00007FFA4D720000 000000000000A000 C:\Windows\System32\VERSION.dll
00007FFA58940000 000000000002E000 C:\Windows\System32\USERENV.dll
00007FFA50460000 0000000000028000 C:\Windows\System32\srvcli.dll
00007FFA52460000 000000000010D000 C:\Windows\System32\WINHTTP.dll
00007FFA57ED0000 000000000000C000 C:\Windows\System32\netutils.dll
00007FFA57B20000 0000000000019000 C:\Windows\System32\WKSCLI.DLL
00007FFA406C0000 000000000029B000 C:\Windows\WinSxS\amd64_microsoft.windows.common-controls_6595b64144ccf1df_6.0.19041.7663_none_60b9ed0b71f50c93\comctl32.dll
00007FFA3F8B0000 000000000003E000 C:\Windows\system32\dataexchange.dll
00007FFA549A0000 0000000000264000 C:\Windows\system32\d3d11.dll
00007FFA54E20000 00000000001E5000 C:\Windows\system32\dcomp.dll
00007FFA572B0000 00000000000F6000 C:\Windows\system32\dxgi.dll
00007FFA51AB0000 0000000000203000 C:\Windows\system32\twinapi.appcore.dll

Called from ONEVENT(0)
Called from HWGAX_EMBEDBROWSEROBJECT(0)
Called from HHTML:ACTIVATE(62) in activex\hhtml.prg
Called from HHTML:NEW(53) in activex\hhtml.prg
Called from MAIN(38) in iesample.prg
------------------------------------------------------------------------
Application Internal Error - C:\dev\hwgui\samples\ole\iesample.exe
Terminated at: 2026-09-07 19:27:12
Unrecoverable error 6005: Exception error:

    Exception Code:C0000005 ACCESS_VIOLATION
    Exception Address:00007FF64714AB98
    RAX:0000000080004002  RBX:0000001D089AE838  RCX:0000000000000000  RDX:0000000000000000
    RSI:000001856FEDFF48  RDI:00007FF6472BD840  RBP:0000001D089AECD0
    R8 :0000001D089AE838  R9 :0000000000000000  R10:0000000000007EC0  R11:0000000000000246
    R12:00007FF6472D21B0  R13:0000000000260494  R14:000001856FEE78E8  R15:0000018571823B78
    CS:RIP:0033:00007FF64714AB98  SS:RSP:002B:0000001D089AE7C0
    DS:002B  ES:002B  FS:0053  GS:002B
    Flags:00010293
    Exception Parameters: 0000000000000000 0000000080004004

Modules:
00007FF647130000 00000000001E0000 C:\dev\hwgui\samples\ole\iesample.exe
00007FFA5B3F0000 00000000001F9000 C:\Windows\SYSTEM32\ntdll.dll
00007FFA5B1B0000 00000000000C2000 C:\Windows\System32\KERNEL32.DLL
00007FFA58BC0000 00000000002F7000 C:\Windows\System32\KERNELBASE.dll
00007FFA591C0000 0000000000100000 C:\Windows\System32\ucrtbase.dll
00007FFA5AE40000 000000000019D000 C:\Windows\System32\USER32.dll
00007FFA59370000 0000000000022000 C:\Windows\System32\win32u.dll
00007FFA5AD30000 000000000002B000 C:\Windows\System32\GDI32.dll
00007FFA590A0000 000000000011A000 C:\Windows\System32\gdi32full.dll
00007FFA58AF0000 000000000009D000 C:\Windows\System32\msvcp_win.dll
00007FFA5AD60000 00000000000DA000 C:\Windows\System32\comdlg32.dll
00007FFA59460000 000000000009E000 C:\Windows\System32\msvcrt.dll
00007FFA5A170000 0000000000353000 C:\Windows\System32\combase.dll
00007FFA59D60000 0000000000126000 C:\Windows\System32\RPCRT4.dll
00007FFA59510000 00000000000AD000 C:\Windows\System32\shcore.dll
00007FFA5A5F0000 000000000005B000 C:\Windows\System32\SHLWAPI.dll
00007FFA595E0000 0000000000771000 C:\Windows\System32\SHELL32.dll
00007FFA34710000 00000000000B0000 C:\Windows\WinSxS\amd64_microsoft.windows.common-controls_6595b64144ccf1df_5.82.19041.7291_none_792d678f2443dbb3\COMCTL32.dll
00007FFA5B280000 000000000012B000 C:\Windows\System32\ole32.dll
00007FFA5A530000 00000000000B2000 C:\Windows\System32\ADVAPI32.dll
00007FFA5AFE0000 00000000000D6000 C:\Windows\System32\OLEAUT32.dll
00007FFA5A770000 00000000000A0000 C:\Windows\System32\sechost.dll
00007FFA58B90000 0000000000027000 C:\Windows\System32\bcrypt.dll
00007FFA35B90000 00000000001AB000 C:\Windows\WinSxS\amd64_microsoft.windows.gdiplus_6595b64144ccf1df_1.1.19041.7663_none_91a4dff0cc878661\gdiplus.dll
00007FFA3F730000 00000000000A4000 C:\Windows\SYSTEM32\WINSPOOL.DRV
00007FFA4D120000 0000000000027000 C:\Windows\SYSTEM32\WINMM.dll
00007FFA59E90000 000000000002F000 C:\Windows\System32\IMM32.DLL
00007FFA563F0000 000000000009E000 C:\Windows\system32\uxtheme.dll
00007FFA5A650000 0000000000116000 C:\Windows\System32\MSCTF.dll
00007FFA489D0000 00000000000AC000 C:\Windows\SYSTEM32\TextShaping.dll
00007FFA568E0000 0000000000012000 C:\Windows\SYSTEM32\kernel.appcore.dll
00007FFA58A60000 0000000000082000 C:\Windows\System32\bcryptPrimitives.dll
00007FFA5A810000 00000000000A9000 C:\Windows\System32\clbcatq.dll
00007FFA03100000 000000000076C000 C:\Windows\System32\ieframe.dll
00007FFA4F6B0000 00000000002BE000 C:\Windows\System32\iertutil.dll
00007FFA4CB50000 0000000000019000 C:\Windows\System32\NETAPI32.dll
00007FFA4D720000 000000000000A000 C:\Windows\System32\VERSION.dll
00007FFA58940000 000000000002E000 C:\Windows\System32\USERENV.dll
00007FFA52460000 000000000010D000 C:\Windows\System32\WINHTTP.dll
00007FFA50460000 0000000000028000 C:\Windows\System32\srvcli.dll
00007FFA57ED0000 000000000000C000 C:\Windows\System32\netutils.dll
00007FFA57B20000 0000000000019000 C:\Windows\System32\WKSCLI.DLL
00007FFA406C0000 000000000029B000 C:\Windows\WinSxS\amd64_microsoft.windows.common-controls_6595b64144ccf1df_6.0.19041.7663_none_60b9ed0b71f50c93\comctl32.dll
00007FFA3F8B0000 000000000003E000 C:\Windows\system32\dataexchange.dll
00007FFA549A0000 0000000000264000 C:\Windows\system32\d3d11.dll
00007FFA54E20000 00000000001E5000 C:\Windows\system32\dcomp.dll
00007FFA572B0000 00000000000F6000 C:\Windows\system32\dxgi.dll
00007FFA51AB0000 0000000000203000 C:\Windows\system32\twinapi.appcore.dll

Called from ONEVENT(0)
------------------------------------------------------------------------
Application Internal Error - C:\dev\hwgui\samples\ole\iesample.exe
Terminated at: 2026-09-07 19:34:45
Unrecoverable error 6005: Exception error:

    Exception Code:C0000005 ACCESS_VIOLATION
    Exception Address:00007FF60993D127
    RAX:00007FF609AAB8C0  RBX:000000000000000A  RCX:0000021CEBC90A88  RDX:00007FF609AAB800
    RSI:0000021CEBAF7D38  RDI:00007FF609A5703A  RBP:00007FF609A51440
    R8 :00047FA656F32C10  R9 :0000000000000000  R10:00007FF609A5702B  R11:0000021CEBB88A0A
    R12:00007FF609A37F60  R13:00007FF609AA37F0  R14:0000021CEBAF7088  R15:00007FF609A51640
    CS:RIP:0033:00007FF60993D127  SS:RSP:002B:000000C8178FE5C0
    DS:002B  ES:002B  FS:0053  GS:002B
    Flags:00010202
    Exception Parameters: 0000000000000000 FFFFFFFFFFFFFFFF

Modules:
00007FF609910000 00000000001E0000 C:\dev\hwgui\samples\ole\iesample.exe
00007FFA5B3F0000 00000000001F9000 C:\Windows\SYSTEM32\ntdll.dll
00007FFA5B1B0000 00000000000C2000 C:\Windows\System32\KERNEL32.DLL
00007FFA58BC0000 00000000002F7000 C:\Windows\System32\KERNELBASE.dll
00007FFA591C0000 0000000000100000 C:\Windows\System32\ucrtbase.dll
00007FFA5AE40000 000000000019D000 C:\Windows\System32\USER32.dll
00007FFA59370000 0000000000022000 C:\Windows\System32\win32u.dll
00007FFA5AD30000 000000000002B000 C:\Windows\System32\GDI32.dll
00007FFA590A0000 000000000011A000 C:\Windows\System32\gdi32full.dll
00007FFA58AF0000 000000000009D000 C:\Windows\System32\msvcp_win.dll
00007FFA5AD60000 00000000000DA000 C:\Windows\System32\comdlg32.dll
00007FFA59460000 000000000009E000 C:\Windows\System32\msvcrt.dll
00007FFA5A170000 0000000000353000 C:\Windows\System32\combase.dll
00007FFA59D60000 0000000000126000 C:\Windows\System32\RPCRT4.dll
00007FFA59510000 00000000000AD000 C:\Windows\System32\shcore.dll
00007FFA34710000 00000000000B0000 C:\Windows\WinSxS\amd64_microsoft.windows.common-controls_6595b64144ccf1df_5.82.19041.7291_none_792d678f2443dbb3\COMCTL32.dll
00007FFA5A530000 00000000000B2000 C:\Windows\System32\ADVAPI32.dll
00007FFA5A5F0000 000000000005B000 C:\Windows\System32\SHLWAPI.dll
00007FFA5A770000 00000000000A0000 C:\Windows\System32\sechost.dll
00007FFA595E0000 0000000000771000 C:\Windows\System32\SHELL32.dll
00007FFA58B90000 0000000000027000 C:\Windows\System32\bcrypt.dll
00007FFA5B280000 000000000012B000 C:\Windows\System32\ole32.dll
00007FFA5AFE0000 00000000000D6000 C:\Windows\System32\OLEAUT32.dll
00007FFA35B90000 00000000001AB000 C:\Windows\WinSxS\amd64_microsoft.windows.gdiplus_6595b64144ccf1df_1.1.19041.7663_none_91a4dff0cc878661\gdiplus.dll
00007FFA3F730000 00000000000A4000 C:\Windows\SYSTEM32\WINSPOOL.DRV
00007FFA4D120000 0000000000027000 C:\Windows\SYSTEM32\WINMM.dll
00007FFA59E90000 000000000002F000 C:\Windows\System32\IMM32.DLL
00007FFA563F0000 000000000009E000 C:\Windows\system32\uxtheme.dll
00007FFA5A650000 0000000000116000 C:\Windows\System32\MSCTF.dll
00007FFA489D0000 00000000000AC000 C:\Windows\SYSTEM32\TextShaping.dll
00007FFA568E0000 0000000000012000 C:\Windows\SYSTEM32\kernel.appcore.dll
00007FFA58A60000 0000000000082000 C:\Windows\System32\bcryptPrimitives.dll
00007FFA5A810000 00000000000A9000 C:\Windows\System32\clbcatq.dll
00007FFA03100000 000000000076C000 C:\Windows\System32\ieframe.dll
00007FFA4CB50000 0000000000019000 C:\Windows\System32\NETAPI32.dll
00007FFA4D720000 000000000000A000 C:\Windows\System32\VERSION.dll
00007FFA52460000 000000000010D000 C:\Windows\System32\WINHTTP.dll
00007FFA4F6B0000 00000000002BE000 C:\Windows\System32\iertutil.dll
00007FFA50460000 0000000000028000 C:\Windows\System32\srvcli.dll
00007FFA57ED0000 000000000000C000 C:\Windows\System32\netutils.dll
00007FFA58940000 000000000002E000 C:\Windows\System32\USERENV.dll
00007FFA57B20000 0000000000019000 C:\Windows\System32\WKSCLI.DLL
00007FFA406C0000 000000000029B000 C:\Windows\WinSxS\amd64_microsoft.windows.common-controls_6595b64144ccf1df_6.0.19041.7663_none_60b9ed0b71f50c93\comctl32.dll
00007FFA3F8B0000 000000000003E000 C:\Windows\system32\dataexchange.dll
00007FFA549A0000 0000000000264000 C:\Windows\system32\d3d11.dll
00007FFA54E20000 00000000001E5000 C:\Windows\system32\dcomp.dll
00007FFA572B0000 00000000000F6000 C:\Windows\system32\dxgi.dll
00007FFA51AB0000 0000000000203000 C:\Windows\system32\twinapi.appcore.dll

Called from DEFERROR(67) in source\winapi\herrsys.prg
Called from (b)HWG_ERRSYS(20) in source\winapi\herrsys.prg
Called from ONEVENT(0)
Called from HWGAX_EMBEDBROWSEROBJECT(0)
Called from HHTML:ACTIVATE(60) in activex\hhtml.prg
Called from HHTML:NEW(51) in activex\hhtml.prg
Called from MAIN(38) in iesample.prg
------------------------------------------------------------------------
Application Internal Error - C:\dev\hwgui\samples\ole\iesample.exe
Terminated at: 2026-09-07 19:34:48
Unrecoverable error 6005: Exception error:

    Exception Code:C0000005 ACCESS_VIOLATION
    Exception Address:00007FF609920D8B
    RAX:00FFFFF98141C031  RBX:000002CF95AE7918  RCX:00007FF609AB14C8  RDX:00007FF6099D69D0
    RSI:00007FF6099D69D0  RDI:00007FF609AB14C8  RBP:000000D6B30FF0A0
    R8 :000000D6B30FEC08  R9 :0000000000000000  R10:00000000005D03EA  R11:0000000000000246
    R12:00007FF609AB21B0  R13:00000000000F069E  R14:00007FF609AB14C8  R15:000000D6B30FEC08
    CS:RIP:0033:00007FF609920D8B  SS:RSP:002B:000000D6B30FEB50
    DS:002B  ES:002B  FS:0053  GS:002B
    Flags:00010286
    Exception Parameters: 0000000000000000 FFFFFFFFFFFFFFFF

Modules:
00007FF609910000 00000000001E0000 C:\dev\hwgui\samples\ole\iesample.exe
00007FFA5B3F0000 00000000001F9000 C:\Windows\SYSTEM32\ntdll.dll
00007FFA5B1B0000 00000000000C2000 C:\Windows\System32\KERNEL32.DLL
00007FFA58BC0000 00000000002F7000 C:\Windows\System32\KERNELBASE.dll
00007FFA591C0000 0000000000100000 C:\Windows\System32\ucrtbase.dll
00007FFA5AE40000 000000000019D000 C:\Windows\System32\USER32.dll
00007FFA59370000 0000000000022000 C:\Windows\System32\win32u.dll
00007FFA5AD30000 000000000002B000 C:\Windows\System32\GDI32.dll
00007FFA590A0000 000000000011A000 C:\Windows\System32\gdi32full.dll
00007FFA58AF0000 000000000009D000 C:\Windows\System32\msvcp_win.dll
00007FFA5AD60000 00000000000DA000 C:\Windows\System32\comdlg32.dll
00007FFA59460000 000000000009E000 C:\Windows\System32\msvcrt.dll
00007FFA34710000 00000000000B0000 C:\Windows\WinSxS\amd64_microsoft.windows.common-controls_6595b64144ccf1df_5.82.19041.7291_none_792d678f2443dbb3\COMCTL32.dll
00007FFA5A530000 00000000000B2000 C:\Windows\System32\ADVAPI32.dll
00007FFA5A170000 0000000000353000 C:\Windows\System32\combase.dll
00007FFA5A770000 00000000000A0000 C:\Windows\System32\sechost.dll
00007FFA59D60000 0000000000126000 C:\Windows\System32\RPCRT4.dll
00007FFA58B90000 0000000000027000 C:\Windows\System32\bcrypt.dll
00007FFA59510000 00000000000AD000 C:\Windows\System32\shcore.dll
00007FFA5A5F0000 000000000005B000 C:\Windows\System32\SHLWAPI.dll
00007FFA595E0000 0000000000771000 C:\Windows\System32\SHELL32.dll
00007FFA5B280000 000000000012B000 C:\Windows\System32\ole32.dll
00007FFA5AFE0000 00000000000D6000 C:\Windows\System32\OLEAUT32.dll
00007FFA35B90000 00000000001AB000 C:\Windows\WinSxS\amd64_microsoft.windows.gdiplus_6595b64144ccf1df_1.1.19041.7663_none_91a4dff0cc878661\gdiplus.dll
00007FFA4D120000 0000000000027000 C:\Windows\SYSTEM32\WINMM.dll
00007FFA3F730000 00000000000A4000 C:\Windows\SYSTEM32\WINSPOOL.DRV
00007FFA59E90000 000000000002F000 C:\Windows\System32\IMM32.DLL
00007FFA563F0000 000000000009E000 C:\Windows\system32\uxtheme.dll
00007FFA5A650000 0000000000116000 C:\Windows\System32\MSCTF.dll
00007FFA489D0000 00000000000AC000 C:\Windows\SYSTEM32\TextShaping.dll
00007FFA568E0000 0000000000012000 C:\Windows\SYSTEM32\kernel.appcore.dll
00007FFA58A60000 0000000000082000 C:\Windows\System32\bcryptPrimitives.dll
00007FFA5A810000 00000000000A9000 C:\Windows\System32\clbcatq.dll
00007FFA03100000 000000000076C000 C:\Windows\System32\ieframe.dll
00007FFA4F6B0000 00000000002BE000 C:\Windows\System32\iertutil.dll
00007FFA4CB50000 0000000000019000 C:\Windows\System32\NETAPI32.dll
00007FFA4D720000 000000000000A000 C:\Windows\System32\VERSION.dll
00007FFA58940000 000000000002E000 C:\Windows\System32\USERENV.dll
00007FFA57ED0000 000000000000C000 C:\Windows\System32\netutils.dll
00007FFA50460000 0000000000028000 C:\Windows\System32\srvcli.dll
00007FFA52460000 000000000010D000 C:\Windows\System32\WINHTTP.dll
00007FFA57B20000 0000000000019000 C:\Windows\System32\WKSCLI.DLL
00007FFA406C0000 000000000029B000 C:\Windows\WinSxS\amd64_microsoft.windows.common-controls_6595b64144ccf1df_6.0.19041.7663_none_60b9ed0b71f50c93\comctl32.dll
00007FFA3F8B0000 000000000003E000 C:\Windows\system32\dataexchange.dll
00007FFA549A0000 0000000000264000 C:\Windows\system32\d3d11.dll
00007FFA54E20000 00000000001E5000 C:\Windows\system32\dcomp.dll
000Application Internal Error - C:\dev\hwgui\samples\ole\iesample.exe
Terminated at: 2026-09-07 19:35:05
Unrecoverable error 6005: Exception error:

    Exception Code:C0000005 ACCESS_VIOLATION
    Exception Address:00007FF66720D127
    RAX:00007FF66737B8C0  RBX:000000000000000A  RCX:000002614A980A18  RDX:00007FF66737B800
    RSI:000002614A8E7D38  RDI:00007FF66732703A  RBP:00007FF667321440
    R8 :00047FA9A0E82C10  R9 :0000000000000000  R10:00007FF66732702B  R11:000002614A978A0A
    R12:00007FF667307F60  R13:00007FF6673737F0  R14:000002614A8E7088  R15:00007FF667321640
    CS:RIP:0033:00007FF66720D127  SS:RSP:002B:00000069EB6FE6D0
    DS:002B  ES:002B  FS:0053  GS:002B
    Flags:00010202
    Exception Parameters: 0000000000000000 FFFFFFFFFFFFFFFF

Modules:
00007FF6671E0000 00000000001E0000 C:\dev\hwgui\samples\ole\iesample.exe
00007FFA5B3F0000 00000000001F9000 C:\Windows\SYSTEM32\ntdll.dll
00007FFA5B1B0000 00000000000C2000 C:\Windows\System32\KERNEL32.DLL
00007FFA58BC0000 00000000002F7000 C:\Windows\System32\KERNELBASE.dll
00007FFA591C0000 0000000000100000 C:\Windows\System32\ucrtbase.dll
00007FFA5AE40000 000000000019D000 C:\Windows\System32\USER32.dll
00007FFA59370000 0000000000022000 C:\Windows\System32\win32u.dll
00007FFA5AD30000 000000000002B000 C:\Windows\System32\GDI32.dll
00007FFA590A0000 000000000011A000 C:\Windows\System32\gdi32full.dll
00007FFA58AF0000 000000000009D000 C:\Windows\System32\msvcp_win.dll
00007FFA5AD60000 00000000000DA000 C:\Windows\System32\comdlg32.dll
00007FFA34710000 00000000000B0000 C:\Windows\WinSxS\amd64_microsoft.windows.common-controls_6595b64144ccf1df_5.82.19041.7291_none_792d678f2443dbb3\COMCTL32.dll
00007FFA59460000 000000000009E000 C:\Windows\System32\msvcrt.dll
00007FFA5A530000 00000000000B2000 C:\Windows\System32\ADVAPI32.dll
00007FFA5A170000 0000000000353000 C:\Windows\System32\combase.dll
00007FFA5A770000 00000000000A0000 C:\Windows\System32\sechost.dll
00007FFA59D60000 0000000000126000 C:\Windows\System32\RPCRT4.dll
00007FFA58B90000 0000000000027000 C:\Windows\System32\bcrypt.dll
00007FFA59510000 00000000000AD000 C:\Windows\System32\shcore.dll
00007FFA5A5F0000 000000000005B000 C:\Windows\System32\SHLWAPI.dll
00007FFA595E0000 0000000000771000 C:\Windows\System32\SHELL32.dll
00007FFA5B280000 000000000012B000 C:\Windows\System32\ole32.dll
00007FFA5AFE0000 00000000000D6000 C:\Windows\System32\OLEAUT32.dll
00007FFA35B90000 00000000001AB000 C:\Windows\WinSxS\amd64_microsoft.windows.gdiplus_6595b64144ccf1df_1.1.19041.7663_none_91a4dff0cc878661\gdiplus.dll
00007FFA4D120000 0000000000027000 C:\Windows\SYSTEM32\WINMM.dll
00007FFA3F730000 00000000000A4000 C:\Windows\SYSTEM32\WINSPOOL.DRV
00007FFA59E90000 000000000002F000 C:\Windows\System32\IMM32.DLL
00007FFA563F0000 000000000009E000 C:\Windows\system32\uxtheme.dll
00007FFA5A650000 0000000000116000 C:\Windows\System32\MSCTF.dll
00007FFA489D0000 00000000000AC000 C:\Windows\SYSTEM32\TextShaping.dll
00007FFA568E0000 0000000000012000 C:\Windows\SYSTEM32\kernel.appcore.dll
00007FFA58A60000 0000000000082000 C:\Windows\System32\bcryptPrimitives.dll
00007FFA5A810000 00000000000A9000 C:\Windows\System32\clbcatq.dll
00007FFA03100000 000000000076C000 C:\Windows\System32\ieframe.dll
00007FFA4F6B0000 00000000002BE000 C:\Windows\System32\iertutil.dll
00007FFA58940000 000000000002E000 C:\Windows\System32\USERENV.dll
00007FFA4CB50000 0000000000019000 C:\Windows\System32\NETAPI32.dll
00007FFA4D720000 000000000000A000 C:\Windows\System32\VERSION.dll
00007FFA52460000 000000000010D000 C:\Windows\System32\WINHTTP.dll
00007FFA50460000 0000000000028000 C:\Windows\System32\srvcli.dll
00007FFA57ED0000 000000000000C000 C:\Windows\System32\netutils.dll
00007FFA57B20000 0000000000019000 C:\Windows\System32\WKSCLI.DLL
00007FFA406C0000 000000000029B000 C:\Windows\WinSxS\amd64_microsoft.windows.common-controls_6595b64144ccf1df_6.0.19041.7663_none_60b9ed0b71f50c93\comctl32.dll
00007FFA3F8B0000 000000000003E000 C:\Windows\system32\dataexchange.dll
00007FFA54E20000 00000000001E5000 C:\Windows\system32\dcomp.dll
00007FFA549A0000 0000000000264000 C:\Windows\system32\d3d11.dll
00007FFA572B0000 00000000000F6000 C:\Windows\system32\dxgi.dll
00007FFA51AB0000 0000000000203000 C:\Windows\system32\twinapi.appcore.dll

Called from DEFERROR(67) in source\winapi\herrsys.prg
Called from (b)HWG_ERRSYS(20) in source\winapi\herrsys.prg
Called from ONEVENT(0)
Called from HWGAX_EMBEDBROWSEROBJECT(0)
Called from HHTML:ACTIVATE(60) in activex\hhtml.prg
Called from HHTML:NEW(51) in activex\hhtml.prg
Called from MAIN(38) in iesample.prg
------------------------------------------------------------------------
Application Internal Error - C:\dev\hwgui\samples\ole\iesample.exe
Terminated at: 2026-09-07 19:35:09
Unrecoverable error 6005: Exception error:

    Exception Code:C0000005 ACCESS_VIOLATION
    Exception Address:00007FF6671F0D8B
    RAX:00FFFFF98141C031  RBX:00000172D9B97918  RCX:00007FF6673814C8  RDX:00007FF6672A69D0
    RSI:00007FF6672A69D0  RDI:00007FF6673814C8  RBP:0000002120DFF360
    R8 :0000002120DFEEC8  R9 :0000000000000000  R10:0000000000750256  R11:0000000000000246
    R12:00007FF6673821B0  R13:00000000001B0030  R14:00007FF6673814C8  R15:0000002120DFEEC8
    CS:RIP:0033:00007FF6671F0D8B  SS:RSP:002B:0000002120DFEE10
    DS:002B  ES:002B  FS:0053  GS:002B
    Flags:00010286
    Exception Parameters: 0000000000000000 FFFFFFFFFFFFFFFF

Modules:
00007FF6671E0000 00000000001E0000 C:\dev\hwgui\samples\ole\iesample.exe
00007FFA5B3F0000 00000000001F9000 C:\Windows\SYSTEM32\ntdll.dll
00007FFA5B1B0000 00000000000C2000 C:\Windows\System32\KERNEL32.DLL
00007FFA58BC0000 00000000002F7000 C:\Windows\System32\KERNELBASE.dll
00007FFA591C0000 0000000000100000 C:\Windows\System32\ucrtbase.dll
00007FFA5AE40000 000000000019D000 C:\Windows\System32\USER32.dll
00007FFA59370000 0000000000022000 C:\Windows\System32\win32u.dll
00007FFA5AD30000 000000000002B000 C:\Windows\System32\GDI32.dll
00007FFA590A0000 000000000011A000 C:\Windows\System32\gdi32full.dll
00007FFA58AF0000 000000000009D000 C:\Windows\System32\msvcp_win.dll
00007FFA5AD60000 00000000000DA000 C:\Windows\System32\comdlg32.dll
00007FFA59460000 000000000009E000 C:\Windows\System32\msvcrt.dll
00007FFA34710000 00000000000B0000 C:\Windows\WinSxS\amd64_microsoft.windows.common-controls_6595b64144ccf1df_5.82.19041.7291_none_792d678f2443dbb3\COMCTL32.dll
00007FFA5A170000 0000000000353000 C:\Windows\System32\combase.dll
00007FFA5A530000 00000000000B2000 C:\Windows\System32\ADVAPI32.dll
00007FFA59D60000 0000000000126000 C:\Windows\System32\RPCRT4.dll
00007FFA5A770000 00000000000A0000 C:\Windows\System32\sechost.dll
00007FFA59510000 00000000000AD000 C:\Windows\System32\shcore.dll
00007FFA5A5F0000 000000000005B000 C:\Windows\System32\SHLWAPI.dll
00007FFA58B90000 0000000000027000 C:\Windows\System32\bcrypt.dll
00007FFA595E0000 0000000000771000 C:\Windows\System32\SHELL32.dll
00007FFA5B280000 000000000012B000 C:\Windows\System32\ole32.dll
00007FFA5AFE0000 00000000000D6000 C:\Windows\System32\OLEAUT32.dll
00007FFA35B90000 00000000001AB000 C:\Windows\WinSxS\amd64_microsoft.windows.gdiplus_6595b64144ccf1df_1.1.19041.7663_none_91a4dff0cc878661\gdiplus.dll
00007FFA4D120000 0000000000027000 C:\Windows\SYSTEM32\WINMM.dll
00007FFA3F730000 00000000000A4000 C:\Windows\SYSTEM32\WINSPOOL.DRV
00007FFA59E90000 000000000002F000 C:\Windows\System32\IMM32.DLL
00007FFA563F0000 000000000009E000 C:\Windows\system32\uxtheme.dll
00007FFA5A650000 0000000000116000 C:\Windows\System32\MSCTF.dll
00007FFA489D0000 00000000000AC000 C:\Windows\SYSTEM32\TextShaping.dll
00007FFA568E0000 0000000000012000 C:\Windows\SYSTEM32\kernel.appcore.dll
00007FFA58A60000 0000000000082000 C:\Windows\System32\bcryptPrimitives.dll
00007FFA5A810000 00000000000A9000 C:\Windows\System32\clbcatq.dll
00007FFA03100000 000000000076C000 C:\Windows\System32\ieframe.dll
00007FFA4F6B0000 00000000002BE000 C:\Windows\System32\iertutil.dll
00007FFA4CB50000 0000000000019000 C:\Windows\System32\NETAPI32.dll
00007FFA52460000 000000000010D000 C:\Windows\System32\WINHTTP.dll
00007FFA58940000 000000000002E000 C:\Windows\System32\USERENV.dll
00007FFA4D720000 000000000000A000 C:\Windows\System32\VERSION.dll
00007FFA50460000 0000000000028000 C:\Windows\System32\srvcli.dll
00007FFA57ED0000 000000000000C000 C:\Windows\System32\netutils.dll
00007FFA57B20000 0000000000019000 C:\Windows\System32\WKSCLI.DLL
00007FFA406C0000 000000000029B000 C:\Windows\WinSxS\amd64_microsoft.windows.common-controls_6595b64144ccf1df_6.0.19041.7663_none_60b9ed0b71f50c93\comctl32.dll
00007FFA3F8B0000 000000000003E000 C:\Windows\system32\dataexchange.dll
00007FFA549A0000 0000000000264000 C:\Windows\system32\d3d11.dll
00007FFA54E20000 00000000001E5000 C:\Windows\system32\dcomp.dll
000Application Internal Error - C:\dev\hwgui\samples\ole\iesample.exe
Terminated at: 2026-09-07 19:37:22
Unrecoverable error 6005: Exception error:

    Exception Code:C0000005 ACCESS_VIOLATION
    Exception Address:00007FF7B9100D8B
    RAX:00FFFFF98141C031  RBX:000001D1C2927918  RCX:00007FF7B92914E8  RDX:00007FF7B91B69D0
    RSI:00007FF7B91B69D0  RDI:00007FF7B92914E8  RBP:00000054B9CFED20
    R8 :00000054B9CFE888  R9 :0000000000000000  R10:00000000001D0030  R11:0000000000000246
    R12:00007FF7B92921D0  R13:00000000006302A4  R14:00007FF7B92914E8  R15:00000054B9CFE888
    CS:RIP:0033:00007FF7B9100D8B  SS:RSP:002B:00000054B9CFE7D0
    DS:002B  ES:002B  FS:0053  GS:002B
    Flags:00010286
    Exception Parameters: 0000000000000000 FFFFFFFFFFFFFFFF

Modules:
00007FF7B90F0000 00000000001E0000 C:\dev\hwgui\samples\ole\iesample.exe
00007FFA5B3F0000 00000000001F9000 C:\Windows\SYSTEM32\ntdll.dll
00007FFA5B1B0000 00000000000C2000 C:\Windows\System32\KERNEL32.DLL
00007FFA58BC0000 00000000002F7000 C:\Windows\System32\KERNELBASE.dll
00007FFA591C0000 0000000000100000 C:\Windows\System32\ucrtbase.dll
00007FFA5AE40000 000000000019D000 C:\Windows\System32\USER32.dll
00007FFA59370000 0000000000022000 C:\Windows\System32\win32u.dll
00007FFA5AD30000 000000000002B000 C:\Windows\System32\GDI32.dll
00007FFA590A0000 000000000011A000 C:\Windows\System32\gdi32full.dll
00007FFA58AF0000 000000000009D000 C:\Windows\System32\msvcp_win.dll
00007FFA5AD60000 00000000000DA000 C:\Windows\System32\comdlg32.dll
00007FFA59460000 000000000009E000 C:\Windows\System32\msvcrt.dll
00007FFA5A170000 0000000000353000 C:\Windows\System32\combase.dll
00007FFA59D60000 0000000000126000 C:\Windows\System32\RPCRT4.dll
00007FFA34710000 00000000000B0000 C:\Windows\WinSxS\amd64_microsoft.windows.common-controls_6595b64144ccf1df_5.82.19041.7291_none_792d678f2443dbb3\COMCTL32.dll
00007FFA59510000 00000000000AD000 C:\Windows\System32\shcore.dll
00007FFA5A530000 00000000000B2000 C:\Windows\System32\ADVAPI32.dll
00007FFA5A5F0000 000000000005B000 C:\Windows\System32\SHLWAPI.dll
00007FFA5A770000 00000000000A0000 C:\Windows\System32\sechost.dll
00007FFA595E0000 0000000000771000 C:\Windows\System32\SHELL32.dll
00007FFA58B90000 0000000000027000 C:\Windows\System32\bcrypt.dll
00007FFA5B280000 000000000012B000 C:\Windows\System32\ole32.dll
00007FFA5AFE0000 00000000000D6000 C:\Windows\System32\OLEAUT32.dll
00007FFA35B90000 00000000001AB000 C:\Windows\WinSxS\amd64_microsoft.windows.gdiplus_6595b64144ccf1df_1.1.19041.7663_none_91a4dff0cc878661\gdiplus.dll
00007FFA4D120000 0000000000027000 C:\Windows\SYSTEM32\WINMM.dll
00007FFA3F730000 00000000000A4000 C:\Windows\SYSTEM32\WINSPOOL.DRV
00007FFA59E90000 000000000002F000 C:\Windows\System32\IMM32.DLL
00007FFA563F0000 000000000009E000 C:\Windows\system32\uxtheme.dll
00007FFA5A650000 0000000000116000 C:\Windows\System32\MSCTF.dll
00007FFA489D0000 00000000000AC000 C:\Windows\SYSTEM32\TextShaping.dll
00007FFA568E0000 0000000000012000 C:\Windows\SYSTEM32\kernel.appcore.dll
00007FFA58A60000 0000000000082000 C:\Windows\System32\bcryptPrimitives.dll
00007FFA5A810000 00000000000A9000 C:\Windows\System32\clbcatq.dll
00007FFA03100000 000000000076C000 C:\Windows\System32\ieframe.dll
00007FFA4F6B0000 00000000002BE000 C:\Windows\System32\iertutil.dll
00007FFA4CB50000 0000000000019000 C:\Windows\System32\NETAPI32.dll
00007FFA4D720000 000000000000A000 C:\Windows\System32\VERSION.dll
00007FFA52460000 000000000010D000 C:\Windows\System32\WINHTTP.dll
00007FFA58940000 000000000002E000 C:\Windows\System32\USERENV.dll
00007FFA57ED0000 000000000000C000 C:\Windows\System32\netutils.dll
00007FFA50460000 0000000000028000 C:\Windows\System32\srvcli.dll
00007FFA57B20000 0000000000019000 C:\Windows\System32\WKSCLI.DLL
00007FFA406C0000 000000000029B000 C:\Windows\WinSxS\amd64_microsoft.windows.common-controls_6595b64144ccf1df_6.0.19041.7663_none_60b9ed0b71f50c93\comctl32.dll
00007FFA3F8B0000 000000000003E000 C:\Windows\system32\dataexchange.dll
00007FFA549A0000 0000000000264000 C:\Windows\system32\d3d11.dll
00007FFA54E20000 00000000001E5000 C:\Windows\system32\dcomp.dll
000Application Internal Error - C:\dev\hwgui\samples\ole\iesample.exe
Terminated at: 2026-09-07 20:00:14
Unrecoverable error 6005: Exception error:

    Exception Code:C0000005 ACCESS_VIOLATION
    Exception Address:00007FF7D88AAB98
    RAX:0000000080004002  RBX:000000C6F90FEAC8  RCX:0000000000000000  RDX:0000000000000000
    RSI:0000022BF2D5FF48  RDI:00007FF7D8A1D880  RBP:000000C6F90FEF60
    R8 :000000C6F90FEAC8  R9 :0000000000000000  R10:0000000000007EC0  R11:0000000000000246
    R12:00007FF7D8A321F0  R13:0000000000250730  R14:0000022BF2D678E8  R15:0000022BF2E03B78
    CS:RIP:0033:00007FF7D88AAB98  SS:RSP:002B:000000C6F90FEA50
    DS:002B  ES:002B  FS:0053  GS:002B
    Flags:00010293
    Exception Parameters: 0000000000000000 0000000080004004

Modules:
00007FF7D8890000 00000000001E0000 C:\dev\hwgui\samples\ole\iesample.exe
00007FFA5B3F0000 00000000001F9000 C:\Windows\SYSTEM32\ntdll.dll
00007FFA5B1B0000 00000000000C2000 C:\Windows\System32\KERNEL32.DLL
00007FFA58BC0000 00000000002F7000 C:\Windows\System32\KERNELBASE.dll
00007FFA591C0000 0000000000100000 C:\Windows\System32\ucrtbase.dll
00007FFA5AE40000 000000000019D000 C:\Windows\System32\USER32.dll
00007FFA59370000 0000000000022000 C:\Windows\System32\win32u.dll
00007FFA5AD30000 000000000002B000 C:\Windows\System32\GDI32.dll
00007FFA590A0000 000000000011A000 C:\Windows\System32\gdi32full.dll
00007FFA58AF0000 000000000009D000 C:\Windows\System32\msvcp_win.dll
00007FFA5AD60000 00000000000DA000 C:\Windows\System32\comdlg32.dll
00007FFA59460000 000000000009E000 C:\Windows\System32\msvcrt.dll
00007FFA34710000 00000000000B0000 C:\Windows\WinSxS\amd64_microsoft.windows.common-controls_6595b64144ccf1df_5.82.19041.7291_none_792d678f2443dbb3\COMCTL32.dll
00007FFA5A170000 0000000000353000 C:\Windows\System32\combase.dll
00007FFA5A530000 00000000000B2000 C:\Windows\System32\ADVAPI32.dll
00007FFA59D60000 0000000000126000 C:\Windows\System32\RPCRT4.dll
00007FFA5A770000 00000000000A0000 C:\Windows\System32\sechost.dll
00007FFA59510000 00000000000AD000 C:\Windows\System32\shcore.dll
00007FFA58B90000 0000000000027000 C:\Windows\System32\bcrypt.dll
00007FFA5A5F0000 000000000005B000 C:\Windows\System32\SHLWAPI.dll
00007FFA595E0000 0000000000771000 C:\Windows\System32\SHELL32.dll
00007FFA5B280000 000000000012B000 C:\Windows\System32\ole32.dll
00007FFA5AFE0000 00000000000D6000 C:\Windows\System32\OLEAUT32.dll
00007FFA35B90000 00000000001AB000 C:\Windows\WinSxS\amd64_microsoft.windows.gdiplus_6595b64144ccf1df_1.1.19041.7663_none_91a4dff0cc878661\gdiplus.dll
00007FFA4D120000 0000000000027000 C:\Windows\SYSTEM32\WINMM.dll
00007FFA3F730000 00000000000A4000 C:\Windows\SYSTEM32\WINSPOOL.DRV
00007FFA59E90000 000000000002F000 C:\Windows\System32\IMM32.DLL
00007FFA563F0000 000000000009E000 C:\Windows\system32\uxtheme.dll
00007FFA5A650000 0000000000116000 C:\Windows\System32\MSCTF.dll
00007FFA489D0000 00000000000AC000 C:\Windows\SYSTEM32\TextShaping.dll
00007FFA568E0000 0000000000012000 C:\Windows\SYSTEM32\kernel.appcore.dll
00007FFA58A60000 0000000000082000 C:\Windows\System32\bcryptPrimitives.dll
00007FFA5A810000 00000000000A9000 C:\Windows\System32\clbcatq.dll
00007FFA03100000 000000000076C000 C:\Windows\System32\ieframe.dll
00007FFA58940000 000000000002E000 C:\Windows\System32\USERENV.dll
00007FFA4D720000 000000000000A000 C:\Windows\System32\VERSION.dll
00007FFA4CB50000 0000000000019000 C:\Windows\System32\NETAPI32.dll
00007FFA52460000 000000000010D000 C:\Windows\System32\WINHTTP.dll
00007FFA4F6B0000 00000000002BE000 C:\Windows\System32\iertutil.dll
00007FFA50460000 0000000000028000 C:\Windows\System32\srvcli.dll
00007FFA57ED0000 000000000000C000 C:\Windows\System32\netutils.dll
00007FFA57B20000 0000000000019000 C:\Windows\System32\WKSCLI.DLL
00007FFA406C0000 000000000029B000 C:\Windows\WinSxS\amd64_microsoft.windows.common-controls_6595b64144ccf1df_6.0.19041.7663_none_60b9ed0b71f50c93\comctl32.dll
00007FFA3F8B0000 000000000003E000 C:\Windows\system32\dataexchange.dll
00007FFA549A0000 0000000000264000 C:\Windows\system32\d3d11.dll
00007FFA54E20000 00000000001E5000 C:\Windows\system32\dcomp.dll
00007FFA572B0000 00000000000F6000 C:\Windows\system32\dxgi.dll
00007FFA51AB0000 0000000000203000 C:\Windows\system32\twinapi.appcore.dll

Called from ONEVENT(0)
------------------------------------------------------------------------
Application Internal Error - C:\dev\hwgui\samples\ole\iesample.exe
Terminated at: 2026-09-07 20:00:17
Unrecoverable error 6005: Exception error:

    Exception Code:C0000005 ACCESS_VIOLATION
    Exception Address:00007FF7D88BD127
    RAX:00007FF7D8A2B900  RBX:0000009288D5ED68  RCX:000001AF9D6C7918  RDX:00007FF7D8A2B840
    RSI:000001AF9D6BFF48  RDI:00007FF7D8A1D880  RBP:0000009288D5F200
    R8 :00047FB69DAB2E10  R9 :0000000000000000  R10:0000000000590420  R11:0000000000000246
    R12:00007FF7D8A321F0  R13:00000000001A06CE  R14:000001AF9D6C78E8  R15:000001AF9F003B78
    CS:RIP:0033:00007FF7D88BD127  SS:RSP:002B:0000009288D5ECA0
    DS:002B  ES:002B  FS:0053  GS:002B
    Flags:00010202
    Exception Parameters: 0000000000000000 FFFFFFFFFFFFFFFF

Modules:
00007FF7D8890000 00000000001E0000 C:\dev\hwgui\samples\ole\iesample.exe
00007FFA5B3F0000 00000000001F9000 C:\Windows\SYSTEM32\ntdll.dll
00007FFA5B1B0000 00000000000C2000 C:\Windows\System32\KERNEL32.DLL
00007FFA58BC0000 00000000002F7000 C:\Windows\System32\KERNELBASE.dll
00007FFA591C0000 0000000000100000 C:\Windows\System32\ucrtbase.dll
00007FFA5AE40000 000000000019D000 C:\Windows\System32\USER32.dll
00007FFA59370000 0000000000022000 C:\Windows\System32\win32u.dll
00007FFA5AD30000 000000000002B000 C:\Windows\System32\GDI32.dll
00007FFA590A0000 000000000011A000 C:\Windows\System32\gdi32full.dll
00007FFA58AF0000 000000000009D000 C:\Windows\System32\msvcp_win.dll
00007FFA5AD60000 00000000000DA000 C:\Windows\System32\comdlg32.dll
00007FFA59460000 000000000009E000 C:\Windows\System32\msvcrt.dll
00007FFA34710000 00000000000B0000 C:\Windows\WinSxS\amd64_microsoft.windows.common-controls_6595b64144ccf1df_5.82.19041.7291_none_792d678f2443dbb3\COMCTL32.dll
00007FFA5A170000 0000000000353000 C:\Windows\System32\combase.dll
00007FFA5A530000 00000000000B2000 C:\Windows\System32\ADVAPI32.dll
00007FFA59D60000 0000000000126000 C:\Windows\System32\RPCRT4.dll
00007FFA5A770000 00000000000A0000 C:\Windows\System32\sechost.dll
00007FFA59510000 00000000000AD000 C:\Windows\System32\shcore.dll
00007FFA58B90000 0000000000027000 C:\Windows\System32\bcrypt.dll
00007FFA5A5F0000 000000000005B000 C:\Windows\System32\SHLWAPI.dll
00007FFA595E0000 0000000000771000 C:\Windows\System32\SHELL32.dll
00007FFA5B280000 000000000012B000 C:\Windows\System32\ole32.dll
00007FFA5AFE0000 00000000000D6000 C:\Windows\System32\OLEAUT32.dll
00007FFA35B90000 00000000001AB000 C:\Windows\WinSxS\amd64_microsoft.windows.gdiplus_6595b64144ccf1df_1.1.19041.7663_none_91a4dff0cc878661\gdiplus.dll
00007FFA4D120000 0000000000027000 C:\Windows\SYSTEM32\WINMM.dll
00007FFA3F730000 00000000000A4000 C:\Windows\SYSTEM32\WINSPOOL.DRV
00007FFA59E90000 000000000002F000 C:\Windows\System32\IMM32.DLL
00007FFA563F0000 000000000009E000 C:\Windows\system32\uxtheme.dll
00007FFA5A650000 0000000000116000 C:\Windows\System32\MSCTF.dll
00007FFA489D0000 00000000000AC000 C:\Windows\SYSTEM32\TextShaping.dll
00007FFA568E0000 0000000000012000 C:\Windows\SYSTEM32\kernel.appcore.dll
00007FFA58A60000 0000000000082000 C:\Windows\System32\bcryptPrimitives.dll
00007FFA5A810000 00000000000A9000 C:\Windows\System32\clbcatq.dll
00007FFA03100000 000000000076C000 C:\Windows\System32\ieframe.dll
00007FFA4CB50000 0000000000019000 C:\Windows\System32\NETAPI32.dll
00007FFA4F6B0000 00000000002BE000 C:\Windows\System32\iertutil.dll
00007FFA4D720000 000000000000A000 C:\Windows\System32\VERSION.dll
00007FFA58940000 000000000002E000 C:\Windows\System32\USERENV.dll
00007FFA50460000 0000000000028000 C:\Windows\System32\srvcli.dll
00007FFA52460000 000000000010D000 C:\Windows\System32\WINHTTP.dll
00007FFA57ED0000 000000000000C000 C:\Windows\System32\netutils.dll
00007FFA57B20000 0000000000019000 C:\Windows\System32\WKSCLI.DLL
00007FFA406C0000 000000000029B000 C:\Windows\WinSxS\amd64_microsoft.windows.common-controls_6595b64144ccf1df_6.0.19041.7663_none_60b9ed0b71f50c93\comctl32.dll
00007FFA3F8B0000 000000000003E000 C:\Windows\system32\dataexchange.dll
00007FFA549A0000 0000000000264000 C:\Windows\system32\d3d11.dll
00007FFA54E20000 00000000001E5000 C:\Windows\system32\dcomp.dll
00007FFA572B0000 00000000000F6000 C:\Windows\system32\dxgi.dll
00007FFA51AB0000 0000000000203000 C:\Windows\system32\twinapi.appcore.dll

Called from ONEVENT(0)
Called from HWGAX_EMBEDBROWSEROBJECT(0)
Called from HHTML:ACTIVATE(60) in activex\hhtml.prg
Called from HHTML:NEW(51) in activex\hhtml.prg
Called from MAIN(38) in iesample.prg
------------------------------------------------------------------------
Application Internal Error - C:\dev\hwgui\samples\ole\iesample.exe
Terminated at: 2026-09-07 20:00:31
Unrecoverable error 6005: Exception error:

    Exception Code:C0000005 ACCESS_VIOLATION
    Exception Address:00007FF7D88BD127
    RAX:00007FF7D8A2B900  RBX:000000000000000A  RCX:0000010E60450A18  RDX:00007FF7D8A2B840
    RSI:0000010E603B7DB8  RDI:00007FF7D89D709A  RBP:00007FF7D89D1730
    R8 :00047FB69DAB2E10  R9 :0000000000000000  R10:00007FF7D89D708B  R11:0000010E60448A0A
    R12:00007FF7D89B7FC0  R13:00007FF7D8A23830  R14:0000010E603B7108  R15:00007FF7D89D1930
    CS:RIP:0033:00007FF7D88BD127  SS:RSP:002B:0000000BA452EA20
    DS:002B  ES:002B  FS:0053  GS:002B
    Flags:00010202
    Exception Parameters: 0000000000000000 FFFFFFFFFFFFFFFF

Modules:
00007FF7D8890000 00000000001E0000 C:\dev\hwgui\samples\ole\iesample.exe
00007FFA5B3F0000 00000000001F9000 C:\Windows\SYSTEM32\ntdll.dll
00007FFA5B1B0000 00000000000C2000 C:\Windows\System32\KERNEL32.DLL
00007FFA58BC0000 00000000002F7000 C:\Windows\System32\KERNELBASE.dll
00007FFA591C0000 0000000000100000 C:\Windows\System32\ucrtbase.dll
00007FFA5AE40000 000000000019D000 C:\Windows\System32\USER32.dll
00007FFA59370000 0000000000022000 C:\Windows\System32\win32u.dll
00007FFA5AD30000 000000000002B000 C:\Windows\System32\GDI32.dll
00007FFA590A0000 000000000011A000 C:\Windows\System32\gdi32full.dll
00007FFA58AF0000 000000000009D000 C:\Windows\System32\msvcp_win.dll
00007FFA5AD60000 00000000000DA000 C:\Windows\System32\comdlg32.dll
00007FFA59460000 000000000009E000 C:\Windows\System32\msvcrt.dll
00007FFA5A170000 0000000000353000 C:\Windows\System32\combase.dll
00007FFA34710000 00000000000B0000 C:\Windows\WinSxS\amd64_microsoft.windows.common-controls_6595b64144ccf1df_5.82.19041.7291_none_792d678f2443dbb3\COMCTL32.dll
00007FFA59D60000 0000000000126000 C:\Windows\System32\RPCRT4.dll
00007FFA5A530000 00000000000B2000 C:\Windows\System32\ADVAPI32.dll
00007FFA5A770000 00000000000A0000 C:\Windows\System32\sechost.dll
00007FFA59510000 00000000000AD000 C:\Windows\System32\shcore.dll
00007FFA58B90000 0000000000027000 C:\Windows\System32\bcrypt.dll
00007FFA5A5F0000 000000000005B000 C:\Windows\System32\SHLWAPI.dll
00007FFA595E0000 0000000000771000 C:\Windows\System32\SHELL32.dll
00007FFA5B280000 000000000012B000 C:\Windows\System32\ole32.dll
00007FFA5AFE0000 00000000000D6000 C:\Windows\System32\OLEAUT32.dll
00007FFA35B90000 00000000001AB000 C:\Windows\WinSxS\amd64_microsoft.windows.gdiplus_6595b64144ccf1df_1.1.19041.7663_none_91a4dff0cc878661\gdiplus.dll
00007FFA4D120000 0000000000027000 C:\Windows\SYSTEM32\WINMM.dll
00007FFA3F730000 00000000000A4000 C:\Windows\SYSTEM32\WINSPOOL.DRV
00007FFA59E90000 000000000002F000 C:\Windows\System32\IMM32.DLL
00007FFA563F0000 000000000009E000 C:\Windows\system32\uxtheme.dll
00007FFA5A650000 0000000000116000 C:\Windows\System32\MSCTF.dll
00007FFA489D0000 00000000000AC000 C:\Windows\SYSTEM32\TextShaping.dll
00007FFA568E0000 0000000000012000 C:\Windows\SYSTEM32\kernel.appcore.dll
00007FFA58A60000 0000000000082000 C:\Windows\System32\bcryptPrimitives.dll
00007FFA5A810000 00000000000A9000 C:\Windows\System32\clbcatq.dll
00007FFA03100000 000000000076C000 C:\Windows\System32\ieframe.dll
00007FFA4F6B0000 00000000002BE000 C:\Windows\System32\iertutil.dll
00007FFA58940000 000000000002E000 C:\Windows\System32\USERENV.dll
00007FFA4D720000 000000000000A000 C:\Windows\System32\VERSION.dll
00007FFA52460000 000000000010D000 C:\Windows\System32\WINHTTP.dll
00007FFA50460000 0000000000028000 C:\Windows\System32\srvcli.dll
00007FFA57ED0000 000000000000C000 C:\Windows\System32\netutils.dll
00007FFA4CB50000 0000000000019000 C:\Windows\System32\NETAPI32.dll
00007FFA57B20000 0000000000019000 C:\Windows\System32\WKSCLI.DLL
00007FFA406C0000 000000000029B000 C:\Windows\WinSxS\amd64_microsoft.windows.common-controls_6595b64144ccf1df_6.0.19041.7663_none_60b9ed0b71f50c93\comctl32.dll
00007FFA3F8B0000 000000000003E000 C:\Windows\system32\dataexchange.dll
00007FFA549A0000 0000000000264000 C:\Windows\system32\d3d11.dll
00007FFA54E20000 00000000001E5000 C:\Windows\system32\dcomp.dll
00007FFA572B0000 00000000000F6000 C:\Windows\system32\dxgi.dll
00007FFA51AB0000 0000000000203000 C:\Windows\system32\twinapi.appcore.dll

Called from DEFERROR(67) in source\winapi\herrsys.prg
Called from (b)HWG_ERRSYS(20) in source\winapi\herrsys.prg
Called from ONEVENT(0)
Called from HWGAX_EMBEDBROWSEROBJECT(0)
Called from HHTML:ACTIVATE(60) in activex\hhtml.prg
Called from HHTML:NEW(51) in activex\hhtml.prg
Called from MAIN(38) in iesample.prg
------------------------------------------------------------------------
Application Internal Error - C:\dev\hwgui\samples\ole\iesample.exe
Terminated at: 2026-09-07 20:00:34
Unrecoverable error 6005: Exception error:

    Exception Code:C0000005 ACCESS_VIOLATION
    Exception Address:00007FF7D88AAB98
    RAX:0000000080004002  RBX:00000042FADAEBD8  RCX:0000000000000000  RDX:0000000000000000
    RSI:000001C01F4DFF48  RDI:00007FF7D8A1D880  RBP:00000042FADAF070
    R8 :00000042FADAEBD8  R9 :0000000000000000  R10:0000000000007EC0  R11:0000000000000246
    R12:00007FF7D8A321F0  R13:0000000000220758  R14:000001C01F4E78E8  R15:000001C01F593B78
    CS:RIP:0033:00007FF7D88AAB98  SS:RSP:002B:00000042FADAEB60
    DS:002B  ES:002B  FS:0053  GS:002B
    Flags:00010293
    Exception Parameters: 0000000000000000 0000000080004004

Modules:
00007FF7D8890000 00000000001E0000 C:\dev\hwgui\samples\ole\iesample.exe
00007FFA5B3F0000 00000000001F9000 C:\Windows\SYSTEM32\ntdll.dll
00007FFA5B1B0000 00000000000C2000 C:\Windows\System32\KERNEL32.DLL
00007FFA58BC0000 00000000002F7000 C:\Windows\System32\KERNELBASE.dll
00007FFA591C0000 0000000000100000 C:\Windows\System32\ucrtbase.dll
00007FFA5AE40000 000000000019D000 C:\Windows\System32\USER32.dll
00007FFA59370000 0000000000022000 C:\Windows\System32\win32u.dll
00007FFA5AD30000 000000000002B000 C:\Windows\System32\GDI32.dll
00007FFA590A0000 000000000011A000 C:\Windows\System32\gdi32full.dll
00007FFA58AF0000 000000000009D000 C:\Windows\System32\msvcp_win.dll
00007FFA5AD60000 00000000000DA000 C:\Windows\System32\comdlg32.dll
00007FFA59460000 000000000009E000 C:\Windows\System32\msvcrt.dll
00007FFA5A170000 0000000000353000 C:\Windows\System32\combase.dll
00007FFA34710000 00000000000B0000 C:\Windows\WinSxS\amd64_microsoft.windows.common-controls_6595b64144ccf1df_5.82.19041.7291_none_792d678f2443dbb3\COMCTL32.dll
00007FFA59D60000 0000000000126000 C:\Windows\System32\RPCRT4.dll
00007FFA5A530000 00000000000B2000 C:\Windows\System32\ADVAPI32.dll
00007FFA59510000 00000000000AD000 C:\Windows\System32\shcore.dll
00007FFA5A770000 00000000000A0000 C:\Windows\System32\sechost.dll
00007FFA5A5F0000 000000000005B000 C:\Windows\System32\SHLWAPI.dll
00007FFA58B90000 0000000000027000 C:\Windows\System32\bcrypt.dll
00007FFA595E0000 0000000000771000 C:\Windows\System32\SHELL32.dll
00007FFA5B280000 000000000012B000 C:\Windows\System32\ole32.dll
00007FFA5AFE0000 00000000000D6000 C:\Windows\System32\OLEAUT32.dll
00007FFA35B90000 00000000001AB000 C:\Windows\WinSxS\amd64_microsoft.windows.gdiplus_6595b64144ccf1df_1.1.19041.7663_none_91a4dff0cc878661\gdiplus.dll
00007FFA3F730000 00000000000A4000 C:\Windows\SYSTEM32\WINSPOOL.DRV
00007FFA4D120000 0000000000027000 C:\Windows\SYSTEM32\WINMM.dll
00007FFA59E90000 000000000002F000 C:\Windows\System32\IMM32.DLL
00007FFA563F0000 000000000009E000 C:\Windows\system32\uxtheme.dll
00007FFA5A650000 0000000000116000 C:\Windows\System32\MSCTF.dll
00007FFA489D0000 00000000000AC000 C:\Windows\SYSTEM32\TextShaping.dll
00007FFA568E0000 0000000000012000 C:\Windows\SYSTEM32\kernel.appcore.dll
00007FFA58A60000 0000000000082000 C:\Windows\System32\bcryptPrimitives.dll
00007FFA5A810000 00000000000A9000 C:\Windows\System32\clbcatq.dll
00007FFA03100000 000000000076C000 C:\Windows\System32\ieframe.dll
00007FFA4CB50000 0000000000019000 C:\Windows\System32\NETAPI32.dll
00007FFA4F6B0000 00000000002BE000 C:\Windows\System32\iertutil.dll
00007FFA4D720000 000000000000A000 C:\Windows\System32\VERSION.dll
00007FFA58940000 000000000002E000 C:\Windows\System32\USERENV.dll
00007FFA52460000 000000000010D000 C:\Windows\System32\WINHTTP.dll
00007FFA50460000 0000000000028000 C:\Windows\System32\srvcli.dll
00007FFA57ED0000 000000000000C000 C:\Windows\System32\netutils.dll
00007FFA57B20000 0000000000019000 C:\Windows\System32\WKSCLI.DLL
00007FFA406C0000 000000000029B000 C:\Windows\WinSxS\amd64_microsoft.windows.common-controls_6595b64144ccf1df_6.0.19041.7663_none_60b9ed0b71f50c93\comctl32.dll
00007FFA3F8B0000 000000000003E000 C:\Windows\system32\dataexchange.dll
00007FFA549A0000 0000000000264000 C:\Windows\system32\d3d11.dll
00007FFA54E20000 00000000001E5000 C:\Windows\system32\dcomp.dll
00007FFA572B0000 00000000000F6000 C:\Windows\system32\dxgi.dll
00007FFA51AB0000 0000000000203000 C:\Windows\system32\twinapi.appcore.dll

Called from ONEVENT(0)
------------------------------------------------------------------------
Application Internal Error - C:\dev\hwgui\samples\ole\iesample.exe
Terminated at: 2026-09-07 20:00:40
Unrecoverable error 6005: Exception error:

    Exception Code:C0000005 ACCESS_VIOLATION
    Exception Address:00007FF7D88A0D8B
    RAX:00FFFFF98141C031  RBX:0000022596037918  RCX:00007FF7D8A31508  RDX:00007FF7D89569D0
    RSI:00007FF7D89569D0  RDI:00007FF7D8A31508  RBP:00000045DE0FF2D0
    R8 :00000045DE0FEE38  R9 :0000000000000000  R10:0000000000160740  R11:0000000000000246
    R12:00007FF7D8A321F0  R13:0000000000230758  R14:00007FF7D8A31508  R15:00000045DE0FEE38
    CS:RIP:0033:00007FF7D88A0D8B  SS:RSP:002B:00000045DE0FED80
    DS:002B  ES:002B  FS:0053  GS:002B
    Flags:00010286
    Exception Parameters: 0000000000000000 FFFFFFFFFFFFFFFF

Modules:
00007FF7D8890000 00000000001E0000 C:\dev\hwgui\samples\ole\iesample.exe
00007FFA5B3F0000 00000000001F9000 C:\Windows\SYSTEM32\ntdll.dll
00007FFA5B1B0000 00000000000C2000 C:\Windows\System32\KERNEL32.DLL
00007FFA58BC0000 00000000002F7000 C:\Windows\System32\KERNELBASE.dll
00007FFA591C0000 0000000000100000 C:\Windows\System32\ucrtbase.dll
00007FFA5AE40000 000000000019D000 C:\Windows\System32\USER32.dll
00007FFA59370000 0000000000022000 C:\Windows\System32\win32u.dll
00007FFA5AD30000 000000000002B000 C:\Windows\System32\GDI32.dll
00007FFA590A0000 000000000011A000 C:\Windows\System32\gdi32full.dll
00007FFA58AF0000 000000000009D000 C:\Windows\System32\msvcp_win.dll
00007FFA5AD60000 00000000000DA000 C:\Windows\System32\comdlg32.dll
00007FFA59460000 000000000009E000 C:\Windows\System32\msvcrt.dll
00007FFA34710000 00000000000B0000 C:\Windows\WinSxS\amd64_microsoft.windows.common-controls_6595b64144ccf1df_5.82.19041.7291_none_792d678f2443dbb3\COMCTL32.dll
00007FFA5A170000 0000000000353000 C:\Windows\System32\combase.dll
00007FFA5A530000 00000000000B2000 C:\Windows\System32\ADVAPI32.dll
00007FFA59D60000 0000000000126000 C:\Windows\System32\RPCRT4.dll
00007FFA5A770000 00000000000A0000 C:\Windows\System32\sechost.dll
00007FFA59510000 00000000000AD000 C:\Windows\System32\shcore.dll
00007FFA58B90000 0000000000027000 C:\Windows\System32\bcrypt.dll
00007FFA5A5F0000 000000000005B000 C:\Windows\System32\SHLWAPI.dll
00007FFA595E0000 0000000000771000 C:\Windows\System32\SHELL32.dll
00007FFA5B280000 000000000012B000 C:\Windows\System32\ole32.dll
00007FFA5AFE0000 00000000000D6000 C:\Windows\System32\OLEAUT32.dll
00007FFA4D120000 0000000000027000 C:\Windows\SYSTEM32\WINMM.dll
00007FFA35B90000 00000000001AB000 C:\Windows\WinSxS\amd64_microsoft.windows.gdiplus_6595b64144ccf1df_1.1.19041.7663_none_91a4dff0cc878661\gdiplus.dll
00007FFA3F730000 00000000000A4000 C:\Windows\SYSTEM32\WINSPOOL.DRV
00007FFA59E90000 000000000002F000 C:\Windows\System32\IMM32.DLL
00007FFA563F0000 000000000009E000 C:\Windows\system32\uxtheme.dll
00007FFA5A650000 0000000000116000 C:\Windows\System32\MSCTF.dll
00007FFA489D0000 00000000000AC000 C:\Windows\SYSTEM32\TextShaping.dll
00007FFA568E0000 0000000000012000 C:\Windows\SYSTEM32\kernel.appcore.dll
00007FFA58A60000 0000000000082000 C:\Windows\System32\bcryptPrimitives.dll
00007FFA5A810000 00000000000A9000 C:\Windows\System32\clbcatq.dll
00007FFA03100000 000000000076C000 C:\Windows\System32\ieframe.dll
00007FFA4CB50000 0000000000019000 C:\Windows\System32\NETAPI32.dll
00007FFA4F6B0000 00000000002BE000 C:\Windows\System32\iertutil.dll
00007FFA4D720000 000000000000A000 C:\Windows\System32\VERSION.dll
00007FFA58940000 000000000002E000 C:\Windows\System32\USERENV.dll
00007FFA52460000 000000000010D000 C:\Windows\System32\WINHTTP.dll
00007FFA50460000 0000000000028000 C:\Windows\System32\srvcli.dll
00007FFA57ED0000 000000000000C000 C:\Windows\System32\netutils.dll
00007FFA57B20000 0000000000019000 C:\Windows\System32\WKSCLI.DLL
00007FFA406C0000 000000000029B000 C:\Windows\WinSxS\amd64_microsoft.windows.common-controls_6595b64144ccf1df_6.0.19041.7663_none_60b9ed0b71f50c93\comctl32.dll
00007FFA3F8B0000 000000000003E000 C:\Windows\system32\dataexchange.dll
00007FFA549A0000 0000000000264000 C:\Windows\system32\d3d11.dll
00007FFA54E20000 00000000001E5000 C:\Windows\system32\dcomp.dll
000Application Internal Error - C:\dev\hwgui\samples\ole\iesample.exe
Terminated at: 2026-09-07 20:00:42
Unrecoverable error 6005: Exception error:

    Exception Code:C0000005 ACCESS_VIOLATION
    Exception Address:00007FF7D88A0D8B
    RAX:00FFFFF98141C031  RBX:00000169FC897998  RCX:00007FF7D8A31508  RDX:00007FF7D89569D0
    RSI:00007FF7D89569D0  RDI:00007FF7D8A31508  RBP:00000067F22FF010
    R8 :00000067F22FEB78  R9 :0000000000000000  R10:0000000000270724  R11:0000000000000246
    R12:00007FF7D8A321F0  R13:00000000001805D8  R14:00007FF7D8A31508  R15:00000067F22FEB78
    CS:RIP:0033:00007FF7D88A0D8B  SS:RSP:002B:00000067F22FEAC0
    DS:002B  ES:002B  FS:0053  GS:002B
    Flags:00010286
    Exception Parameters: 0000000000000000 FFFFFFFFFFFFFFFF

Modules:
00007FF7D8890000 00000000001E0000 C:\dev\hwgui\samples\ole\iesample.exe
00007FFA5B3F0000 00000000001F9000 C:\Windows\SYSTEM32\ntdll.dll
00007FFA5B1B0000 00000000000C2000 C:\Windows\System32\KERNEL32.DLL
00007FFA58BC0000 00000000002F7000 C:\Windows\System32\KERNELBASE.dll
00007FFA591C0000 0000000000100000 C:\Windows\System32\ucrtbase.dll
00007FFA5AE40000 000000000019D000 C:\Windows\System32\USER32.dll
00007FFA59370000 0000000000022000 C:\Windows\System32\win32u.dll
00007FFA5AD30000 000000000002B000 C:\Windows\System32\GDI32.dll
00007FFA590A0000 000000000011A000 C:\Windows\System32\gdi32full.dll
00007FFA58AF0000 000000000009D000 C:\Windows\System32\msvcp_win.dll
00007FFA5AD60000 00000000000DA000 C:\Windows\System32\comdlg32.dll
00007FFA59460000 000000000009E000 C:\Windows\System32\msvcrt.dll
00007FFA5A170000 0000000000353000 C:\Windows\System32\combase.dll
00007FFA34710000 00000000000B0000 C:\Windows\WinSxS\amd64_microsoft.windows.common-controls_6595b64144ccf1df_5.82.19041.7291_none_792d678f2443dbb3\COMCTL32.dll
00007FFA5A530000 00000000000B2000 C:\Windows\System32\ADVAPI32.dll
00007FFA59D60000 0000000000126000 C:\Windows\System32\RPCRT4.dll
00007FFA5A770000 00000000000A0000 C:\Windows\System32\sechost.dll
00007FFA59510000 00000000000AD000 C:\Windows\System32\shcore.dll
00007FFA58B90000 0000000000027000 C:\Windows\System32\bcrypt.dll
00007FFA5A5F0000 000000000005B000 C:\Windows\System32\SHLWAPI.dll
00007FFA595E0000 0000000000771000 C:\Windows\System32\SHELL32.dll
00007FFA5B280000 000000000012B000 C:\Windows\System32\ole32.dll
00007FFA5AFE0000 00000000000D6000 C:\Windows\System32\OLEAUT32.dll
00007FFA35B90000 00000000001AB000 C:\Windows\WinSxS\amd64_microsoft.windows.gdiplus_6595b64144ccf1df_1.1.19041.7663_none_91a4dff0cc878661\gdiplus.dll
00007FFA4D120000 0000000000027000 C:\Windows\SYSTEM32\WINMM.dll
00007FFA3F730000 00000000000A4000 C:\Windows\SYSTEM32\WINSPOOL.DRV
00007FFA59E90000 000000000002F000 C:\Windows\System32\IMM32.DLL
00007FFA563F0000 000000000009E000 C:\Windows\system32\uxtheme.dll
00007FFA5A650000 0000000000116000 C:\Windows\System32\MSCTF.dll
00007FFA489D0000 00000000000AC000 C:\Windows\SYSTEM32\TextShaping.dll
00007FFA568E0000 0000000000012000 C:\Windows\SYSTEM32\kernel.appcore.dll
00007FFA58A60000 0000000000082000 C:\Windows\System32\bcryptPrimitives.dll
00007FFA5A810000 00000000000A9000 C:\Windows\System32\clbcatq.dll
00007FFA03100000 000000000076C000 C:\Windows\System32\ieframe.dll
00007FFA4F6B0000 00000000002BE000 C:\Windows\System32\iertutil.dll
00007FFA4CB50000 0000000000019000 C:\Windows\System32\NETAPI32.dll
00007FFA4D720000 000000000000A000 C:\Windows\System32\VERSION.dll
00007FFA58940000 000000000002E000 C:\Windows\System32\USERENV.dll
00007FFA52460000 000000000010D000 C:\Windows\System32\WINHTTP.dll
00007FFA50460000 0000000000028000 C:\Windows\System32\srvcli.dll
00007FFA57ED0000 000000000000C000 C:\Windows\System32\netutils.dll
00007FFA57B20000 0000000000019000 C:\Windows\System32\WKSCLI.DLL
00007FFA406C0000 000000000029B000 C:\Windows\WinSxS\amd64_microsoft.windows.common-controls_6595b64144ccf1df_6.0.19041.7663_none_60b9ed0b71f50c93\comctl32.dll
00007FFA3F8B0000 000000000003E000 C:\Windows\system32\dataexchange.dll
00007FFA54E20000 00000000001E5000 C:\Windows\system32\dcomp.dll
00007FFA549A0000 0000000000264000 C:\Windows\system32\d3d11.dll
000Application Internal Error - C:\dev\hwgui\samples\ole\iesample.exe
Terminated at: 2026-09-07 20:00:44
Unrecoverable error 6005: Exception error:

    Exception Code:C0000005 ACCESS_VIOLATION
    Exception Address:00007FF7D88BD127
    RAX:00007FF7D8A2B900  RBX:0000004955CFE7F8  RCX:0000015B7CC37998  RDX:00007FF7D8A2B840
    RSI:0000015B7B33FCB8  RDI:00007FF7D8A1D880  RBP:0000004955CFEC90
    R8 :00047FB69DAB2E10  R9 :0000000000000000  R10:0000000000170740  R11:0000000000000246
    R12:00007FF7D8A321F0  R13:0000000000240758  R14:0000015B7CC37968  R15:0000015B7CC6C708
    CS:RIP:0033:00007FF7D88BD127  SS:RSP:002B:0000004955CFE730
    DS:002B  ES:002B  FS:0053  GS:002B
    Flags:00010202
    Exception Parameters: 0000000000000000 FFFFFFFFFFFFFFFF

Modules:
00007FF7D8890000 00000000001E0000 C:\dev\hwgui\samples\ole\iesample.exe
00007FFA5B3F0000 00000000001F9000 C:\Windows\SYSTEM32\ntdll.dll
00007FFA5B1B0000 00000000000C2000 C:\Windows\System32\KERNEL32.DLL
00007FFA58BC0000 00000000002F7000 C:\Windows\System32\KERNELBASE.dll
00007FFA591C0000 0000000000100000 C:\Windows\System32\ucrtbase.dll
00007FFA5AE40000 000000000019D000 C:\Windows\System32\USER32.dll
00007FFA59370000 0000000000022000 C:\Windows\System32\win32u.dll
00007FFA5AD30000 000000000002B000 C:\Windows\System32\GDI32.dll
00007FFA590A0000 000000000011A000 C:\Windows\System32\gdi32full.dll
00007FFA58AF0000 000000000009D000 C:\Windows\System32\msvcp_win.dll
00007FFA5AD60000 00000000000DA000 C:\Windows\System32\comdlg32.dll
00007FFA59460000 000000000009E000 C:\Windows\System32\msvcrt.dll
00007FFA5A170000 0000000000353000 C:\Windows\System32\combase.dll
00007FFA34710000 00000000000B0000 C:\Windows\WinSxS\amd64_microsoft.windows.common-controls_6595b64144ccf1df_5.82.19041.7291_none_792d678f2443dbb3\COMCTL32.dll
00007FFA59D60000 0000000000126000 C:\Windows\System32\RPCRT4.dll
00007FFA59510000 00000000000AD000 C:\Windows\System32\shcore.dll
00007FFA5A530000 00000000000B2000 C:\Windows\System32\ADVAPI32.dll
00007FFA5A5F0000 000000000005B000 C:\Windows\System32\SHLWAPI.dll
00007FFA5A770000 00000000000A0000 C:\Windows\System32\sechost.dll
00007FFA595E0000 0000000000771000 C:\Windows\System32\SHELL32.dll
00007FFA58B90000 0000000000027000 C:\Windows\System32\bcrypt.dll
00007FFA5B280000 000000000012B000 C:\Windows\System32\ole32.dll
00007FFA5AFE0000 00000000000D6000 C:\Windows\System32\OLEAUT32.dll
00007FFA35B90000 00000000001AB000 C:\Windows\WinSxS\amd64_microsoft.windows.gdiplus_6595b64144ccf1df_1.1.19041.7663_none_91a4dff0cc878661\gdiplus.dll
00007FFA3F730000 00000000000A4000 C:\Windows\SYSTEM32\WINSPOOL.DRV
00007FFA4D120000 0000000000027000 C:\Windows\SYSTEM32\WINMM.dll
00007FFA59E90000 000000000002F000 C:\Windows\System32\IMM32.DLL
00007FFA563F0000 000000000009E000 C:\Windows\system32\uxtheme.dll
00007FFA5A650000 0000000000116000 C:\Windows\System32\MSCTF.dll
00007FFA489D0000 00000000000AC000 C:\Windows\SYSTEM32\TextShaping.dll
00007FFA568E0000 0000000000012000 C:\Windows\SYSTEM32\kernel.appcore.dll
00007FFA58A60000 0000000000082000 C:\Windows\System32\bcryptPrimitives.dll
00007FFA5A810000 00000000000A9000 C:\Windows\System32\clbcatq.dll
00007FFA03100000 000000000076C000 C:\Windows\System32\ieframe.dll
00007FFA58940000 000000000002E000 C:\Windows\System32\USERENV.dll
00007FFA4F6B0000 00000000002BE000 C:\Windows\System32\iertutil.dll
00007FFA4CB50000 0000000000019000 C:\Windows\System32\NETAPI32.dll
00007FFA4D720000 000000000000A000 C:\Windows\System32\VERSION.dll
00007FFA52460000 000000000010D000 C:\Windows\System32\WINHTTP.dll
00007FFA50460000 0000000000028000 C:\Windows\System32\srvcli.dll
00007FFA57ED0000 000000000000C000 C:\Windows\System32\netutils.dll
00007FFA57B20000 0000000000019000 C:\Windows\System32\WKSCLI.DLL
00007FFA406C0000 000000000029B000 C:\Windows\WinSxS\amd64_microsoft.windows.common-controls_6595b64144ccf1df_6.0.19041.7663_none_60b9ed0b71f50c93\comctl32.dll
00007FFA3F8B0000 000000000003E000 C:\Windows\system32\dataexchange.dll
00007FFA54E20000 00000000001E5000 C:\Windows\system32\dcomp.dll
00007FFA549A0000 0000000000264000 C:\Windows\system32\d3d11.dll
00007FFA572B0000 00000000000F6000 C:\Windows\system32\dxgi.dll
00007FFA51AB0000 0000000000203000 C:\Windows\system32\twinapi.appcore.dll

Called from ONEVENT(0)
Called from HWGAX_EMBEDBROWSEROBJECT(0)
Called from HHTML:ACTIVATE(60) in activex\hhtml.prg
Called from HHTML:NEW(51) in activex\hhtml.prg
Called from MAIN(38) in iesample.prg
------------------------------------------------------------------------
Application Internal Error - C:\dev\hwgui\samples\ole\iesample.exe
Terminated at: 2026-09-07 20:00:47
Unrecoverable error 6005: Exception error:

    Exception Code:C0000005 ACCESS_VIOLATION
    Exception Address:00007FF7D88A0D8B
    RAX:00FFFFF98141C031  RBX:0000028FBE677918  RCX:00007FF7D8A31508  RDX:00007FF7D89569D0
    RSI:00007FF7D89569D0  RDI:00007FF7D8A31508  RBP:0000009B9D33F330
    R8 :0000009B9D33EE98  R9 :0000000000000000  R10:0000000000280724  R11:0000000000000246
    R12:00007FF7D8A321F0  R13:0000000000210770  R14:00007FF7D8A31508  R15:0000009B9D33EE98
    CS:RIP:0033:00007FF7D88A0D8B  SS:RSP:002B:0000009B9D33EDE0
    DS:002B  ES:002B  FS:0053  GS:002B
    Flags:00010286
    Exception Parameters: 0000000000000000 FFFFFFFFFFFFFFFF

Modules:
00007FF7D8890000 00000000001E0000 C:\dev\hwgui\samples\ole\iesample.exe
00007FFA5B3F0000 00000000001F9000 C:\Windows\SYSTEM32\ntdll.dll
00007FFA5B1B0000 00000000000C2000 C:\Windows\System32\KERNEL32.DLL
00007FFA58BC0000 00000000002F7000 C:\Windows\System32\KERNELBASE.dll
00007FFA591C0000 0000000000100000 C:\Windows\System32\ucrtbase.dll
00007FFA5AE40000 000000000019D000 C:\Windows\System32\USER32.dll
00007FFA59370000 0000000000022000 C:\Windows\System32\win32u.dll
00007FFA5AD30000 000000000002B000 C:\Windows\System32\GDI32.dll
00007FFA590A0000 000000000011A000 C:\Windows\System32\gdi32full.dll
00007FFA58AF0000 000000000009D000 C:\Windows\System32\msvcp_win.dll
00007FFA5AD60000 00000000000DA000 C:\Windows\System32\comdlg32.dll
00007FFA59460000 000000000009E000 C:\Windows\System32\msvcrt.dll
00007FFA5A170000 0000000000353000 C:\Windows\System32\combase.dll
00007FFA59D60000 0000000000126000 C:\Windows\System32\RPCRT4.dll
00007FFA59510000 00000000000AD000 C:\Windows\System32\shcore.dll
00007FFA5A5F0000 000000000005B000 C:\Windows\System32\SHLWAPI.dll
00007FFA595E0000 0000000000771000 C:\Windows\System32\SHELL32.dll
00007FFA5A530000 00000000000B2000 C:\Windows\System32\ADVAPI32.dll
00007FFA5A770000 00000000000A0000 C:\Windows\System32\sechost.dll
00007FFA58B90000 0000000000027000 C:\Windows\System32\bcrypt.dll
00007FFA5B280000 000000000012B000 C:\Windows\System32\ole32.dll
00007FFA5AFE0000 00000000000D6000 C:\Windows\System32\OLEAUT32.dll
00007FFA34710000 00000000000B0000 C:\Windows\WinSxS\amd64_microsoft.windows.common-controls_6595b64144ccf1df_5.82.19041.7291_none_792d678f2443dbb3\COMCTL32.dll
00007FFA35B90000 00000000001AB000 C:\Windows\WinSxS\amd64_microsoft.windows.gdiplus_6595b64144ccf1df_1.1.19041.7663_none_91a4dff0cc878661\gdiplus.dll
00007FFA4D120000 0000000000027000 C:\Windows\SYSTEM32\WINMM.dll
00007FFA3F730000 00000000000A4000 C:\Windows\SYSTEM32\WINSPOOL.DRV
00007FFA59E90000 000000000002F000 C:\Windows\System32\IMM32.DLL
00007FFA563F0000 000000000009E000 C:\Windows\system32\uxtheme.dll
00007FFA5A650000 0000000000116000 C:\Windows\System32\MSCTF.dll
00007FFA489D0000 00000000000AC000 C:\Windows\SYSTEM32\TextShaping.dll
00007FFA568E0000 0000000000012000 C:\Windows\SYSTEM32\kernel.appcore.dll
00007FFA58A60000 0000000000082000 C:\Windows\System32\bcryptPrimitives.dll
00007FFA5A810000 00000000000A9000 C:\Windows\System32\clbcatq.dll
00007FFA03100000 000000000076C000 C:\Windows\System32\ieframe.dll
00007FFA4F6B0000 00000000002BE000 C:\Windows\System32\iertutil.dll
00007FFA4CB50000 0000000000019000 C:\Windows\System32\NETAPI32.dll
00007FFA4D720000 000000000000A000 C:\Windows\System32\VERSION.dll
00007FFA58940000 000000000002E000 C:\Windows\System32\USERENV.dll
00007FFA50460000 0000000000028000 C:\Windows\System32\srvcli.dll
00007FFA52460000 000000000010D000 C:\Windows\System32\WINHTTP.dll
00007FFA57ED0000 000000000000C000 C:\Windows\System32\netutils.dll
00007FFA57B20000 0000000000019000 C:\Windows\System32\WKSCLI.DLL
00007FFA406C0000 000000000029B000 C:\Windows\WinSxS\amd64_microsoft.windows.common-controls_6595b64144ccf1df_6.0.19041.7663_none_60b9ed0b71f50c93\comctl32.dll
00007FFA3F8B0000 000000000003E000 C:\Windows\system32\dataexchange.dll
00007FFA54E20000 00000000001E5000 C:\Windows\system32\dcomp.dll
00007FFA549A0000 0000000000264000 C:\Windows\system32\d3d11.dll
000Application Internal Error - C:\dev\hwgui\samples\ole\iesample.exe
Terminated at: 2026-09-07 20:20:06
Unrecoverable error 6005: Exception error:

    Exception Code:C0000005 ACCESS_VIOLATION
    Exception Address:00007FF71FBE6D14
    RAX:00007FF71FCBB928  RBX:000000000000000A  RCX:000001B506010A88  RDX:0000000000000000
    RSI:000001B505F67D68  RDI:00007FF71FC67169  RBP:00007FF71FC61730
    R8 :0000000000000001  R9 :000001B506010A80  R10:00007FF71FC6715A  R11:000001B505FF8B1A
    R12:00007FF71FC47FC0  R13:00007FF71FCB3830  R14:000001B505F67090  R15:00007FF71FC61930
    CS:RIP:0033:00007FF71FBE6D14  SS:RSP:002B:0000003D12AFE3B8
    DS:002B  ES:002B  FS:0053  GS:002B
    Flags:00010202
    Exception Parameters: 0000000000000000 0000000000000000

Modules:
00007FF71FB20000 00000000001E0000 C:\dev\hwgui\samples\ole\iesample.exe
00007FFA5B3F0000 00000000001F9000 C:\Windows\SYSTEM32\ntdll.dll
00007FFA5B1B0000 00000000000C2000 C:\Windows\System32\KERNEL32.DLL
00007FFA58BC0000 00000000002F7000 C:\Windows\System32\KERNELBASE.dll
00007FFA591C0000 0000000000100000 C:\Windows\System32\ucrtbase.dll
00007FFA5AE40000 000000000019D000 C:\Windows\System32\USER32.dll
00007FFA59370000 0000000000022000 C:\Windows\System32\win32u.dll
00007FFA5AD30000 000000000002B000 C:\Windows\System32\GDI32.dll
00007FFA590A0000 000000000011A000 C:\Windows\System32\gdi32full.dll
00007FFA58AF0000 000000000009D000 C:\Windows\System32\msvcp_win.dll
00007FFA5AD60000 00000000000DA000 C:\Windows\System32\comdlg32.dll
00007FFA59460000 000000000009E000 C:\Windows\System32\msvcrt.dll
00007FFA5A170000 0000000000353000 C:\Windows\System32\combase.dll
00007FFA59D60000 0000000000126000 C:\Windows\System32\RPCRT4.dll
00007FFA59510000 00000000000AD000 C:\Windows\System32\shcore.dll
00007FFA5A5F0000 000000000005B000 C:\Windows\System32\SHLWAPI.dll
00007FFA595E0000 0000000000771000 C:\Windows\System32\SHELL32.dll
00007FFA5A530000 00000000000B2000 C:\Windows\System32\ADVAPI32.dll
00007FFA5A770000 00000000000A0000 C:\Windows\System32\sechost.dll
00007FFA58B90000 0000000000027000 C:\Windows\System32\bcrypt.dll
00007FFA5B280000 000000000012B000 C:\Windows\System32\ole32.dll
00007FFA5AFE0000 00000000000D6000 C:\Windows\System32\OLEAUT32.dll
00007FFA34710000 00000000000B0000 C:\Windows\WinSxS\amd64_microsoft.windows.common-controls_6595b64144ccf1df_5.82.19041.7291_none_792d678f2443dbb3\COMCTL32.dll
00007FFA35B90000 00000000001AB000 C:\Windows\WinSxS\amd64_microsoft.windows.gdiplus_6595b64144ccf1df_1.1.19041.7663_none_91a4dff0cc878661\gdiplus.dll
00007FFA3F730000 00000000000A4000 C:\Windows\SYSTEM32\WINSPOOL.DRV
00007FFA4D120000 0000000000027000 C:\Windows\SYSTEM32\WINMM.dll
00007FFA59E90000 000000000002F000 C:\Windows\System32\IMM32.DLL
00007FFA563F0000 000000000009E000 C:\Windows\system32\uxtheme.dll
00007FFA5A650000 0000000000116000 C:\Windows\System32\MSCTF.dll
00007FFA489D0000 00000000000AC000 C:\Windows\SYSTEM32\TextShaping.dll
00007FFA568E0000 0000000000012000 C:\Windows\SYSTEM32\kernel.appcore.dll
00007FFA58A60000 0000000000082000 C:\Windows\System32\bcryptPrimitives.dll
00007FFA5A810000 00000000000A9000 C:\Windows\System32\clbcatq.dll
00007FFA03100000 000000000076C000 C:\Windows\System32\ieframe.dll
00007FFA4CB50000 0000000000019000 C:\Windows\System32\NETAPI32.dll
00007FFA58940000 000000000002E000 C:\Windows\System32\USERENV.dll
00007FFA4D720000 000000000000A000 C:\Windows\System32\VERSION.dll
00007FFA4F6B0000 00000000002BE000 C:\Windows\System32\iertutil.dll
00007FFA52460000 000000000010D000 C:\Windows\System32\WINHTTP.dll
00007FFA50460000 0000000000028000 C:\Windows\System32\srvcli.dll
00007FFA57ED0000 000000000000C000 C:\Windows\System32\netutils.dll
00007FFA57B20000 0000000000019000 C:\Windows\System32\WKSCLI.DLL
00007FFA406C0000 000000000029B000 C:\Windows\WinSxS\amd64_microsoft.windows.common-controls_6595b64144ccf1df_6.0.19041.7663_none_60b9ed0b71f50c93\comctl32.dll
00007FFA3F8B0000 000000000003E000 C:\Windows\system32\dataexchange.dll
00007FFA54E20000 00000000001E5000 C:\Windows\system32\dcomp.dll
00007FFA549A0000 0000000000264000 C:\Windows\system32\d3d11.dll
00007FFA572B0000 00000000000F6000 C:\Windows\system32\dxgi.dll
00007FFA51AB0000 0000000000203000 C:\Windows\system32\twinapi.appcore.dll

Called from DEFERROR(80) in source\winapi\herrsys.prg
Called from (b)HWG_ERRSYS(20) in source\winapi\herrsys.prg
Called from ONEVENT(0)
Called from HWGAX_EMBEDBROWSEROBJECT(0)
Called from HHTML:ACTIVATE(60) in activex\hhtml.prg
Called from HHTML:NEW(51) in activex\hhtml.prg
Called from MAIN(38) in iesample.prg
------------------------------------------------------------------------
Application Internal Error - C:\dev\hwgui\samples\ole\iesample.exe
Terminated at: 2026-09-07 20:27:11
Unrecoverable error 6005: Exception error:

    Exception Code:C0000005 ACCESS_VIOLATION
    Exception Address:00007FF63C350D8B
    RAX:00FFFFF98141C031  RBX:000002BEEF297998  RCX:00007FF63C4E15A8  RDX:00007FF63C4069D0
    RSI:00007FF63C4069D0  RDI:00007FF63C4E15A8  RBP:000000CE446FEE80
    R8 :000000CE446FE9E8  R9 :0000000000000000  R10:0000000000400494  R11:0000000000000246
    R12:00007FF63C4E2290  R13:00000000006203A2  R14:00007FF63C4E15A8  R15:000000CE446FE9E8
    CS:RIP:0033:00007FF63C350D8B  SS:RSP:002B:000000CE446FE930
    DS:002B  ES:002B  FS:0053  GS:002B
    Flags:00010286
    Exception Parameters: 0000000000000000 FFFFFFFFFFFFFFFF

Modules:
00007FF63C340000 00000000001E0000 C:\dev\hwgui\samples\ole\iesample.exe
00007FFA5B3F0000 00000000001F9000 C:\Windows\SYSTEM32\ntdll.dll
00007FFA5B1B0000 00000000000C2000 C:\Windows\System32\KERNEL32.DLL
00007FFA58BC0000 00000000002F7000 C:\Windows\System32\KERNELBASE.dll
00007FFA591C0000 0000000000100000 C:\Windows\System32\ucrtbase.dll
00007FFA5AE40000 000000000019D000 C:\Windows\System32\USER32.dll
00007FFA59370000 0000000000022000 C:\Windows\System32\win32u.dll
00007FFA5AD30000 000000000002B000 C:\Windows\System32\GDI32.dll
00007FFA590A0000 000000000011A000 C:\Windows\System32\gdi32full.dll
00007FFA58AF0000 000000000009D000 C:\Windows\System32\msvcp_win.dll
00007FFA5AD60000 00000000000DA000 C:\Windows\System32\comdlg32.dll
00007FFA59460000 000000000009E000 C:\Windows\System32\msvcrt.dll
00007FFA5A170000 0000000000353000 C:\Windows\System32\combase.dll
00007FFA59D60000 0000000000126000 C:\Windows\System32\RPCRT4.dll
00007FFA59510000 00000000000AD000 C:\Windows\System32\shcore.dll
00007FFA34710000 00000000000B0000 C:\Windows\WinSxS\amd64_microsoft.windows.common-controls_6595b64144ccf1df_5.82.19041.7291_none_792d678f2443dbb3\COMCTL32.dll
00007FFA5A530000 00000000000B2000 C:\Windows\System32\ADVAPI32.dll
00007FFA5A5F0000 000000000005B000 C:\Windows\System32\SHLWAPI.dll
00007FFA595E0000 0000000000771000 C:\Windows\System32\SHELL32.dll
00007FFA5B280000 000000000012B000 C:\Windows\System32\ole32.dll
00007FFA5A770000 00000000000A0000 C:\Windows\System32\sechost.dll
00007FFA5AFE0000 00000000000D6000 C:\Windows\System32\OLEAUT32.dll
00007FFA58B90000 0000000000027000 C:\Windows\System32\bcrypt.dll
00007FFA35B90000 00000000001AB000 C:\Windows\WinSxS\amd64_microsoft.windows.gdiplus_6595b64144ccf1df_1.1.19041.7663_none_91a4dff0cc878661\gdiplus.dll
00007FFA4D120000 0000000000027000 C:\Windows\SYSTEM32\WINMM.dll
00007FFA3F730000 00000000000A4000 C:\Windows\SYSTEM32\WINSPOOL.DRV
00007FFA59E90000 000000000002F000 C:\Windows\System32\IMM32.DLL
00007FFA563F0000 000000000009E000 C:\Windows\system32\uxtheme.dll
00007FFA5A650000 0000000000116000 C:\Windows\System32\MSCTF.dll
00007FFA489D0000 00000000000AC000 C:\Windows\SYSTEM32\TextShaping.dll
00007FFA568E0000 0000000000012000 C:\Windows\SYSTEM32\kernel.appcore.dll
00007FFA58A60000 0000000000082000 C:\Windows\System32\bcryptPrimitives.dll
00007FFA5A810000 00000000000A9000 C:\Windows\System32\clbcatq.dll
00007FFA03100000 000000000076C000 C:\Windows\System32\ieframe.dll
00007FFA4D720000 000000000000A000 C:\Windows\System32\VERSION.dll
00007FFA4CB50000 0000000000019000 C:\Windows\System32\NETAPI32.dll
00007FFA58940000 000000000002E000 C:\Windows\System32\USERENV.dll
00007FFA52460000 000000000010D000 C:\Windows\System32\WINHTTP.dll
00007FFA4F6B0000 00000000002BE000 C:\Windows\System32\iertutil.dll
00007FFA50460000 0000000000028000 C:\Windows\System32\srvcli.dll
00007FFA57ED0000 000000000000C000 C:\Windows\System32\netutils.dll
00007FFA57B20000 0000000000019000 C:\Windows\System32\WKSCLI.DLL
00007FFA406C0000 000000000029B000 C:\Windows\WinSxS\amd64_microsoft.windows.common-controls_6595b64144ccf1df_6.0.19041.7663_none_60b9ed0b71f50c93\comctl32.dll
00007FFA3F8B0000 000000000003E000 C:\Windows\system32\dataexchange.dll
00007FFA54E20000 00000000001E5000 C:\Windows\system32\dcomp.dll
00007FFA549A0000 0000000000264000 C:\Windows\system32\d3d11.dll
000Application Internal Error - C:\dev\hwgui\samples\ole\iesample.exe
Terminated at: 2026-09-07 20:27:13
Unrecoverable error 6005: Exception error:

    Exception Code:C0000005 ACCESS_VIOLATION
    Exception Address:00007FF63C350D8B
    RAX:00FFFFF98141C031  RBX:000001605EDC7918  RCX:00007FF63C4E15A8  RDX:00007FF63C4069D0
    RSI:00007FF63C4069D0  RDI:00007FF63C4E15A8  RBP:0000005AFD6FEF90
    R8 :0000005AFD6FEAF8  R9 :0000000000000000  R10:0000000000580356  R11:0000000000000246
    R12:00007FF63C4E2290  R13:00000000002906BE  R14:00007FF63C4E15A8  R15:0000005AFD6FEAF8
    CS:RIP:0033:00007FF63C350D8B  SS:RSP:002B:0000005AFD6FEA40
    DS:002B  ES:002B  FS:0053  GS:002B
    Flags:00010286
    Exception Parameters: 0000000000000000 FFFFFFFFFFFFFFFF

Modules:
00007FF63C340000 00000000001E0000 C:\dev\hwgui\samples\ole\iesample.exe
00007FFA5B3F0000 00000000001F9000 C:\Windows\SYSTEM32\ntdll.dll
00007FFA5B1B0000 00000000000C2000 C:\Windows\System32\KERNEL32.DLL
00007FFA58BC0000 00000000002F7000 C:\Windows\System32\KERNELBASE.dll
00007FFA591C0000 0000000000100000 C:\Windows\System32\ucrtbase.dll
00007FFA5AE40000 000000000019D000 C:\Windows\System32\USER32.dll
00007FFA59370000 0000000000022000 C:\Windows\System32\win32u.dll
00007FFA5AD30000 000000000002B000 C:\Windows\System32\GDI32.dll
00007FFA590A0000 000000000011A000 C:\Windows\System32\gdi32full.dll
00007FFA58AF0000 000000000009D000 C:\Windows\System32\msvcp_win.dll
00007FFA5AD60000 00000000000DA000 C:\Windows\System32\comdlg32.dll
00007FFA59460000 000000000009E000 C:\Windows\System32\msvcrt.dll
00007FFA34710000 00000000000B0000 C:\Windows\WinSxS\amd64_microsoft.windows.common-controls_6595b64144ccf1df_5.82.19041.7291_none_792d678f2443dbb3\COMCTL32.dll
00007FFA5A170000 0000000000353000 C:\Windows\System32\combase.dll
00007FFA5A530000 00000000000B2000 C:\Windows\System32\ADVAPI32.dll
00007FFA59D60000 0000000000126000 C:\Windows\System32\RPCRT4.dll
00007FFA5A770000 00000000000A0000 C:\Windows\System32\sechost.dll
00007FFA58B90000 0000000000027000 C:\Windows\System32\bcrypt.dll
00007FFA59510000 00000000000AD000 C:\Windows\System32\shcore.dll
00007FFA5A5F0000 000000000005B000 C:\Windows\System32\SHLWAPI.dll
00007FFA595E0000 0000000000771000 C:\Windows\System32\SHELL32.dll
00007FFA5B280000 000000000012B000 C:\Windows\System32\ole32.dll
00007FFA5AFE0000 00000000000D6000 C:\Windows\System32\OLEAUT32.dll
00007FFA35B90000 00000000001AB000 C:\Windows\WinSxS\amd64_microsoft.windows.gdiplus_6595b64144ccf1df_1.1.19041.7663_none_91a4dff0cc878661\gdiplus.dll
00007FFA4D120000 0000000000027000 C:\Windows\SYSTEM32\WINMM.dll
00007FFA3F730000 00000000000A4000 C:\Windows\SYSTEM32\WINSPOOL.DRV
00007FFA59E90000 000000000002F000 C:\Windows\System32\IMM32.DLL
00007FFA563F0000 000000000009E000 C:\Windows\system32\uxtheme.dll
00007FFA5A650000 0000000000116000 C:\Windows\System32\MSCTF.dll
00007FFA489D0000 00000000000AC000 C:\Windows\SYSTEM32\TextShaping.dll
00007FFA568E0000 0000000000012000 C:\Windows\SYSTEM32\kernel.appcore.dll
00007FFA58A60000 0000000000082000 C:\Windows\System32\bcryptPrimitives.dll
00007FFA5A810000 00000000000A9000 C:\Windows\System32\clbcatq.dll
00007FFA03100000 000000000076C000 C:\Windows\System32\ieframe.dll
00007FFA4F6B0000 00000000002BE000 C:\Windows\System32\iertutil.dll
00007FFA4CB50000 0000000000019000 C:\Windows\System32\NETAPI32.dll
00007FFA58940000 000000000002E000 C:\Windows\System32\USERENV.dll
00007FFA4D720000 000000000000A000 C:\Windows\System32\VERSION.dll
00007FFA52460000 000000000010D000 C:\Windows\System32\WINHTTP.dll
00007FFA50460000 0000000000028000 C:\Windows\System32\srvcli.dll
00007FFA57ED0000 000000000000C000 C:\Windows\System32\netutils.dll
00007FFA57B20000 0000000000019000 C:\Windows\System32\WKSCLI.DLL
00007FFA406C0000 000000000029B000 C:\Windows\WinSxS\amd64_microsoft.windows.common-controls_6595b64144ccf1df_6.0.19041.7663_none_60b9ed0b71f50c93\comctl32.dll
00007FFA3F8B0000 000000000003E000 C:\Windows\system32\dataexchange.dll
00007FFA549A0000 0000000000264000 C:\Windows\system32\d3d11.dll
00007FFA54E20000 00000000001E5000 C:\Windows\system32\dcomp.dll
000Application Internal Error - C:\dev\hwgui\samples\ole\iesample.exe
Terminated at: 2026-09-07 20:53:23
Unrecoverable error 6005: Exception error:

    Exception Code:C0000005 ACCESS_VIOLATION
    Exception Address:00007FF6CED5D127
    RAX:00007FF6CEECCA00  RBX:000001E21AE97CF8  RCX:000001E21AE97D58  RDX:00007FF6CEECC940
    RSI:00000000FFFFFFFF  RDI:000001E21AE970E0  RBP:00007FF6CEE71730
    R8 :00047FAD4645B610  R9 :000000000000001F  R10:0000000000000060  R11:0000000000000000
    R12:00007FF6CEE57FC0  R13:00007FF6CEEC4830  R14:000001E21AE97100  R15:00007FF6CEE71930
    CS:RIP:0033:00007FF6CED5D127  SS:RSP:002B:0000002DCBF1E830
    DS:002B  ES:002B  FS:0053  GS:002B
    Flags:00010202
    Exception Parameters: 0000000000000000 FFFFFFFFFFFFFFFF

Modules:
00007FF6CED30000 00000000001E1000 C:\dev\hwgui\samples\ole\iesample.exe
00007FFA5B3F0000 00000000001F9000 C:\Windows\SYSTEM32\ntdll.dll
00007FFA5B1B0000 00000000000C2000 C:\Windows\System32\KERNEL32.DLL
00007FFA58BC0000 00000000002F7000 C:\Windows\System32\KERNELBASE.dll
00007FFA591C0000 0000000000100000 C:\Windows\System32\ucrtbase.dll
00007FFA5AE40000 000000000019D000 C:\Windows\System32\USER32.dll
00007FFA59370000 0000000000022000 C:\Windows\System32\win32u.dll
00007FFA5AD30000 000000000002B000 C:\Windows\System32\GDI32.dll
00007FFA590A0000 000000000011A000 C:\Windows\System32\gdi32full.dll
00007FFA58AF0000 000000000009D000 C:\Windows\System32\msvcp_win.dll
00007FFA5AD60000 00000000000DA000 C:\Windows\System32\comdlg32.dll
00007FFA59460000 000000000009E000 C:\Windows\System32\msvcrt.dll
00007FFA34710000 00000000000B0000 C:\Windows\WinSxS\amd64_microsoft.windows.common-controls_6595b64144ccf1df_5.82.19041.7291_none_792d678f2443dbb3\COMCTL32.dll
00007FFA5A170000 0000000000353000 C:\Windows\System32\combase.dll
00007FFA5A530000 00000000000B2000 C:\Windows\System32\ADVAPI32.dll
00007FFA59D60000 0000000000126000 C:\Windows\System32\RPCRT4.dll
00007FFA5A770000 00000000000A0000 C:\Windows\System32\sechost.dll
00007FFA59510000 00000000000AD000 C:\Windows\System32\shcore.dll
00007FFA58B90000 0000000000027000 C:\Windows\System32\bcrypt.dll
00007FFA5A5F0000 000000000005B000 C:\Windows\System32\SHLWAPI.dll
00007FFA595E0000 0000000000771000 C:\Windows\System32\SHELL32.dll
00007FFA5B280000 000000000012B000 C:\Windows\System32\ole32.dll
00007FFA5AFE0000 00000000000D6000 C:\Windows\System32\OLEAUT32.dll
00007FFA35B90000 00000000001AB000 C:\Windows\WinSxS\amd64_microsoft.windows.gdiplus_6595b64144ccf1df_1.1.19041.7663_none_91a4dff0cc878661\gdiplus.dll
00007FFA4D120000 0000000000027000 C:\Windows\SYSTEM32\WINMM.dll
00007FFA3F730000 00000000000A4000 C:\Windows\SYSTEM32\WINSPOOL.DRV
00007FFA59E90000 000000000002F000 C:\Windows\System32\IMM32.DLL
00007FFA563F0000 000000000009E000 C:\Windows\system32\uxtheme.dll
00007FFA5A650000 0000000000116000 C:\Windows\System32\MSCTF.dll
00007FFA489D0000 00000000000AC000 C:\Windows\SYSTEM32\TextShaping.dll
00007FFA568E0000 0000000000012000 C:\Windows\SYSTEM32\kernel.appcore.dll
00007FFA58A60000 0000000000082000 C:\Windows\System32\bcryptPrimitives.dll
00007FFA5A810000 00000000000A9000 C:\Windows\System32\clbcatq.dll
00007FFA03100000 000000000076C000 C:\Windows\System32\ieframe.dll
00007FFA4CB50000 0000000000019000 C:\Windows\System32\NETAPI32.dll
00007FFA4F6B0000 00000000002BE000 C:\Windows\System32\iertutil.dll
00007FFA4D720000 000000000000A000 C:\Windows\System32\VERSION.dll
00007FFA58940000 000000000002E000 C:\Windows\System32\USERENV.dll
00007FFA52460000 000000000010D000 C:\Windows\System32\WINHTTP.dll
00007FFA57ED0000 000000000000C000 C:\Windows\System32\netutils.dll
00007FFA50460000 0000000000028000 C:\Windows\System32\srvcli.dll
00007FFA57B20000 0000000000019000 C:\Windows\System32\WKSCLI.DLL
00007FFA406C0000 000000000029B000 C:\Windows\WinSxS\amd64_microsoft.windows.common-controls_6595b64144ccf1df_6.0.19041.7663_none_60b9ed0b71f50c93\comctl32.dll
00007FFA3F8B0000 000000000003E000 C:\Windows\system32\dataexchange.dll
00007FFA549A0000 0000000000264000 C:\Windows\system32\d3d11.dll
00007FFA54E20000 00000000001E5000 C:\Windows\system32\dcomp.dll
00007FFA572B0000 00000000000F6000 C:\Windows\system32\dxgi.dll
00007FFA51AB0000 0000000000203000 C:\Windows\system32\twinapi.appcore.dll

Called from VALTYPE(0)
Called from DEFERROR(63) in source\winapi\herrsys.prg
Called from (b)HWG_ERRSYS(20) in source\winapi\herrsys.prg
Called from ONEVENT(0)
Called from HWGAX_EMBEDBROWSEROBJECT(0)
Called from HHTML:ACTIVATE(60) in activex\hhtml.prg
Called from HHTML:NEW(51) in activex\hhtml.prg
Called from MAIN(38) in iesample.prg
------------------------------------------------------------------------
Application Internal Error - C:\dev\hwgui\samples\ole\iesample.exe
Terminated at: 2026-09-07 20:53:26
Unrecoverable error 6005: Exception error:

    Exception Code:C0000005 ACCESS_VIOLATION
    Exception Address:00007FF6CED40D8B
    RAX:00FFFFF98141C031  RBX:000002165A3D7918  RCX:00007FF6CEED2608  RDX:00007FF6CEDF69D0
    RSI:00007FF6CEDF69D0  RDI:00007FF6CEED2608  RBP:000000EEABCFF0E0
    R8 :000000EEABCFEC48  R9 :0000000000000000  R10:00000000008504A0  R11:0000000000000246
    R12:00007FF6CEED32F0  R13:00000000008002A4  R14:00007FF6CEED2608  R15:000000EEABCFEC48
    CS:RIP:0033:00007FF6CED40D8B  SS:RSP:002B:000000EEABCFEB90
    DS:002B  ES:002B  FS:0053  GS:002B
    Flags:00010286
    Exception Parameters: 0000000000000000 FFFFFFFFFFFFFFFF

Modules:
00007FF6CED30000 00000000001E1000 C:\dev\hwgui\samples\ole\iesample.exe
00007FFA5B3F0000 00000000001F9000 C:\Windows\SYSTEM32\ntdll.dll
00007FFA5B1B0000 00000000000C2000 C:\Windows\System32\KERNEL32.DLL
00007FFA58BC0000 00000000002F7000 C:\Windows\System32\KERNELBASE.dll
00007FFA591C0000 0000000000100000 C:\Windows\System32\ucrtbase.dll
00007FFA5AE40000 000000000019D000 C:\Windows\System32\USER32.dll
00007FFA59370000 0000000000022000 C:\Windows\System32\win32u.dll
00007FFA5AD30000 000000000002B000 C:\Windows\System32\GDI32.dll
00007FFA590A0000 000000000011A000 C:\Windows\System32\gdi32full.dll
00007FFA58AF0000 000000000009D000 C:\Windows\System32\msvcp_win.dll
00007FFA5AD60000 00000000000DA000 C:\Windows\System32\comdlg32.dll
00007FFA59460000 000000000009E000 C:\Windows\System32\msvcrt.dll
00007FFA5A170000 0000000000353000 C:\Windows\System32\combase.dll
00007FFA34710000 00000000000B0000 C:\Windows\WinSxS\amd64_microsoft.windows.common-controls_6595b64144ccf1df_5.82.19041.7291_none_792d678f2443dbb3\COMCTL32.dll
00007FFA59D60000 0000000000126000 C:\Windows\System32\RPCRT4.dll
00007FFA5A530000 00000000000B2000 C:\Windows\System32\ADVAPI32.dll
00007FFA59510000 00000000000AD000 C:\Windows\System32\shcore.dll
00007FFA5A770000 00000000000A0000 C:\Windows\System32\sechost.dll
00007FFA5A5F0000 000000000005B000 C:\Windows\System32\SHLWAPI.dll
00007FFA58B90000 0000000000027000 C:\Windows\System32\bcrypt.dll
00007FFA595E0000 0000000000771000 C:\Windows\System32\SHELL32.dll
00007FFA5B280000 000000000012B000 C:\Windows\System32\ole32.dll
00007FFA5AFE0000 00000000000D6000 C:\Windows\System32\OLEAUT32.dll
00007FFA35B90000 00000000001AB000 C:\Windows\WinSxS\amd64_microsoft.windows.gdiplus_6595b64144ccf1df_1.1.19041.7663_none_91a4dff0cc878661\gdiplus.dll
00007FFA3F730000 00000000000A4000 C:\Windows\SYSTEM32\WINSPOOL.DRV
00007FFA4D120000 0000000000027000 C:\Windows\SYSTEM32\WINMM.dll
00007FFA59E90000 000000000002F000 C:\Windows\System32\IMM32.DLL
00007FFA563F0000 000000000009E000 C:\Windows\system32\uxtheme.dll
00007FFA5A650000 0000000000116000 C:\Windows\System32\MSCTF.dll
00007FFA489D0000 00000000000AC000 C:\Windows\SYSTEM32\TextShaping.dll
00007FFA568E0000 0000000000012000 C:\Windows\SYSTEM32\kernel.appcore.dll
00007FFA58A60000 0000000000082000 C:\Windows\System32\bcryptPrimitives.dll
00007FFA5A810000 00000000000A9000 C:\Windows\System32\clbcatq.dll
00007FFA03100000 000000000076C000 C:\Windows\System32\ieframe.dll
00007FFA4CB50000 0000000000019000 C:\Windows\System32\NETAPI32.dll
00007FFA4D720000 000000000000A000 C:\Windows\System32\VERSION.dll
00007FFA4F6B0000 00000000002BE000 C:\Windows\System32\iertutil.dll
00007FFA52460000 000000000010D000 C:\Windows\System32\WINHTTP.dll
00007FFA58940000 000000000002E000 C:\Windows\System32\USERENV.dll
00007FFA50460000 0000000000028000 C:\Windows\System32\srvcli.dll
00007FFA57ED0000 000000000000C000 C:\Windows\System32\netutils.dll
00007FFA57B20000 0000000000019000 C:\Windows\System32\WKSCLI.DLL
00007FFA406C0000 000000000029B000 C:\Windows\WinSxS\amd64_microsoft.windows.common-controls_6595b64144ccf1df_6.0.19041.7663_none_60b9ed0b71f50c93\comctl32.dll
00007FFA3F8B0000 000000000003E000 C:\Windows\system32\dataexchange.dll
00007FFA549A0000 0000000000264000 C:\Windows\system32\d3d11.dll
00007FFA54E20000 00000000001E5000 C:\Windows\system32\dcomp.dll
000Application Internal Error - C:\dev\hwgui\samples\ole\iesample.exe
Terminated at: 2026-09-07 20:53:34
Unrecoverable error 9001: Error recovery failure
------------------------------------------------------------------------
Application Internal Error - C:\dev\hwgui\samples\ole\iesample.exe
Terminated at: 2026-09-07 20:56:43
Unrecoverable error 9001: Error recovery failure
------------------------------------------------------------------------
Application Internal Error - C:\dev\hwgui\samples\ole\iesample.exe
Terminated at: 2026-09-07 20:56:44
Unrecoverable error 6005: Exception error:

    Exception Code:C0000005 ACCESS_VIOLATION
    Exception Address:00007FF673BE0D8B
    RAX:00FFFFF98141C031  RBX:000001CBAE527918  RCX:00007FF673D72628  RDX:00007FF673C969D0
    RSI:00007FF673C969D0  RDI:00007FF673D72628  RBP:000000B5DFFCEE40
    R8 :000000B5DFFCE9A8  R9 :0000000000000000  R10:0000000000240742  R11:0000000000000246
    R12:00007FF673D73310  R13:0000000000500412  R14:00007FF673D72628  R15:000000B5DFFCE9A8
    CS:RIP:0033:00007FF673BE0D8B  SS:RSP:002B:000000B5DFFCE8F0
    DS:002B  ES:002B  FS:0053  GS:002B
    Flags:00010286
    Exception Parameters: 0000000000000000 FFFFFFFFFFFFFFFF

Modules:
00007FF673BD0000 00000000001E1000 C:\dev\hwgui\samples\ole\iesample.exe
00007FFA5B3F0000 00000000001F9000 C:\Windows\SYSTEM32\ntdll.dll
00007FFA5B1B0000 00000000000C2000 C:\Windows\System32\KERNEL32.DLL
00007FFA58BC0000 00000000002F7000 C:\Windows\System32\KERNELBASE.dll
00007FFA591C0000 0000000000100000 C:\Windows\System32\ucrtbase.dll
00007FFA5AE40000 000000000019D000 C:\Windows\System32\USER32.dll
00007FFA59370000 0000000000022000 C:\Windows\System32\win32u.dll
00007FFA5AD30000 000000000002B000 C:\Windows\System32\GDI32.dll
00007FFA590A0000 000000000011A000 C:\Windows\System32\gdi32full.dll
00007FFA58AF0000 000000000009D000 C:\Windows\System32\msvcp_win.dll
00007FFA5AD60000 00000000000DA000 C:\Windows\System32\comdlg32.dll
00007FFA59460000 000000000009E000 C:\Windows\System32\msvcrt.dll
00007FFA5A170000 0000000000353000 C:\Windows\System32\combase.dll
00007FFA34710000 00000000000B0000 C:\Windows\WinSxS\amd64_microsoft.windows.common-controls_6595b64144ccf1df_5.82.19041.7291_none_792d678f2443dbb3\COMCTL32.dll
00007FFA59D60000 0000000000126000 C:\Windows\System32\RPCRT4.dll
00007FFA5A530000 00000000000B2000 C:\Windows\System32\ADVAPI32.dll
00007FFA5A770000 00000000000A0000 C:\Windows\System32\sechost.dll
00007FFA59510000 00000000000AD000 C:\Windows\System32\shcore.dll
00007FFA58B90000 0000000000027000 C:\Windows\System32\bcrypt.dll
00007FFA5A5F0000 000000000005B000 C:\Windows\System32\SHLWAPI.dll
00007FFA595E0000 0000000000771000 C:\Windows\System32\SHELL32.dll
00007FFA5B280000 000000000012B000 C:\Windows\System32\ole32.dll
00007FFA5AFE0000 00000000000D6000 C:\Windows\System32\OLEAUT32.dll
00007FFA35B90000 00000000001AB000 C:\Windows\WinSxS\amd64_microsoft.windows.gdiplus_6595b64144ccf1df_1.1.19041.7663_none_91a4dff0cc878661\gdiplus.dll
00007FFA4D120000 0000000000027000 C:\Windows\SYSTEM32\WINMM.dll
00007FFA3F730000 00000000000A4000 C:\Windows\SYSTEM32\WINSPOOL.DRV
00007FFA59E90000 000000000002F000 C:\Windows\System32\IMM32.DLL
00007FFA563F0000 000000000009E000 C:\Windows\system32\uxtheme.dll
00007FFA5A650000 0000000000116000 C:\Windows\System32\MSCTF.dll
00007FFA489D0000 00000000000AC000 C:\Windows\SYSTEM32\TextShaping.dll
00007FFA568E0000 0000000000012000 C:\Windows\SYSTEM32\kernel.appcore.dll
00007FFA58A60000 0000000000082000 C:\Windows\System32\bcryptPrimitives.dll
00007FFA5A810000 00000000000A9000 C:\Windows\System32\clbcatq.dll
00007FFA03100000 000000000076C000 C:\Windows\System32\ieframe.dll
00007FFA4F6B0000 00000000002BE000 C:\Windows\System32\iertutil.dll
00007FFA4D720000 000000000000A000 C:\Windows\System32\VERSION.dll
00007FFA58940000 000000000002E000 C:\Windows\System32\USERENV.dll
00007FFA52460000 000000000010D000 C:\Windows\System32\WINHTTP.dll
00007FFA4CB50000 0000000000019000 C:\Windows\System32\NETAPI32.dll
00007FFA50460000 0000000000028000 C:\Windows\System32\srvcli.dll
00007FFA57ED0000 000000000000C000 C:\Windows\System32\netutils.dll
00007FFA57B20000 0000000000019000 C:\Windows\System32\WKSCLI.DLL
00007FFA406C0000 000000000029B000 C:\Windows\WinSxS\amd64_microsoft.windows.common-controls_6595b64144ccf1df_6.0.19041.7663_none_60b9ed0b71f50c93\comctl32.dll
00007FFA3F8B0000 000000000003E000 C:\Windows\system32\dataexchange.dll
00007FFA549A0000 0000000000264000 C:\Windows\system32\d3d11.dll
00007FFA54E20000 00000000001E5000 C:\Windows\system32\dcomp.dll
000Application Internal Error - C:\dev\hwgui\samples\ole\iesample.exe
Terminated at: 2026-09-07 20:56:52
Unrecoverable error 9001: Error recovery failure
------------------------------------------------------------------------
Application Internal Error - C:\dev\hwgui\samples\ole\iesample.exe
Terminated at: 2026-09-07 20:59:30
Unrecoverable error 6005: Exception error:

    Exception Code:C0000005 ACCESS_VIOLATION
    Exception Address:00007FF6807FD127
    RAX:00007FF68096CA20  RBX:000000E59BEFEB78  RCX:000002100FD27918  RDX:00007FF68096C960
    RSI:000002100FD1FF48  RDI:00007FF68095E880  RBP:000000E59BEFF010
    R8 :00047FAA853FB710  R9 :0000000000000000  R10:00000000002706CE  R11:0000000000000246
    R12:00007FF680973310  R13:00000000004E0478  R14:000002100FD278E8  R15:000002100FDC3B78
    CS:RIP:0033:00007FF6807FD127  SS:RSP:002B:000000E59BEFEAB0
    DS:002B  ES:002B  FS:0053  GS:002B
    Flags:00010202
    Exception Parameters: 0000000000000000 FFFFFFFFFFFFFFFF

Modules:
00007FF6807D0000 00000000001E1000 C:\dev\hwgui\samples\ole\iesample.exe
00007FFA5B3F0000 00000000001F9000 C:\Windows\SYSTEM32\ntdll.dll
00007FFA5B1B0000 00000000000C2000 C:\Windows\System32\KERNEL32.DLL
00007FFA58BC0000 00000000002F7000 C:\Windows\System32\KERNELBASE.dll
00007FFA591C0000 0000000000100000 C:\Windows\System32\ucrtbase.dll
00007FFA5AE40000 000000000019D000 C:\Windows\System32\USER32.dll
00007FFA59370000 0000000000022000 C:\Windows\System32\win32u.dll
00007FFA5AD30000 000000000002B000 C:\Windows\System32\GDI32.dll
00007FFA590A0000 000000000011A000 C:\Windows\System32\gdi32full.dll
00007FFA58AF0000 000000000009D000 C:\Windows\System32\msvcp_win.dll
00007FFA5AD60000 00000000000DA000 C:\Windows\System32\comdlg32.dll
00007FFA59460000 000000000009E000 C:\Windows\System32\msvcrt.dll
00007FFA5A170000 0000000000353000 C:\Windows\System32\combase.dll
00007FFA59D60000 0000000000126000 C:\Windows\System32\RPCRT4.dll
00007FFA34710000 00000000000B0000 C:\Windows\WinSxS\amd64_microsoft.windows.common-controls_6595b64144ccf1df_5.82.19041.7291_none_792d678f2443dbb3\COMCTL32.dll
00007FFA5A530000 00000000000B2000 C:\Windows\System32\ADVAPI32.dll
00007FFA5A770000 00000000000A0000 C:\Windows\System32\sechost.dll
00007FFA59510000 00000000000AD000 C:\Windows\System32\shcore.dll
00007FFA58B90000 0000000000027000 C:\Windows\System32\bcrypt.dll
00007FFA5A5F0000 000000000005B000 C:\Windows\System32\SHLWAPI.dll
00007FFA595E0000 0000000000771000 C:\Windows\System32\SHELL32.dll
00007FFA5B280000 000000000012B000 C:\Windows\System32\ole32.dll
00007FFA5AFE0000 00000000000D6000 C:\Windows\System32\OLEAUT32.dll
00007FFA35B90000 00000000001AB000 C:\Windows\WinSxS\amd64_microsoft.windows.gdiplus_6595b64144ccf1df_1.1.19041.7663_none_91a4dff0cc878661\gdiplus.dll
00007FFA4D120000 0000000000027000 C:\Windows\SYSTEM32\WINMM.dll
00007FFA3F730000 00000000000A4000 C:\Windows\SYSTEM32\WINSPOOL.DRV
00007FFA59E90000 000000000002F000 C:\Windows\System32\IMM32.DLL
00007FFA563F0000 000000000009E000 C:\Windows\system32\uxtheme.dll
00007FFA5A650000 0000000000116000 C:\Windows\System32\MSCTF.dll
00007FFA489D0000 00000000000AC000 C:\Windows\SYSTEM32\TextShaping.dll
00007FFA568E0000 0000000000012000 C:\Windows\SYSTEM32\kernel.appcore.dll
00007FFA58A60000 0000000000082000 C:\Windows\System32\bcryptPrimitives.dll
00007FFA5A810000 00000000000A9000 C:\Windows\System32\clbcatq.dll
00007FFA03100000 000000000076C000 C:\Windows\System32\ieframe.dll
00007FFA4CB50000 0000000000019000 C:\Windows\System32\NETAPI32.dll
00007FFA4F6B0000 00000000002BE000 C:\Windows\System32\iertutil.dll
00007FFA4D720000 000000000000A000 C:\Windows\System32\VERSION.dll
00007FFA58940000 000000000002E000 C:\Windows\System32\USERENV.dll
00007FFA52460000 000000000010D000 C:\Windows\System32\WINHTTP.dll
00007FFA57ED0000 000000000000C000 C:\Windows\System32\netutils.dll
00007FFA50460000 0000000000028000 C:\Windows\System32\srvcli.dll
00007FFA57B20000 0000000000019000 C:\Windows\System32\WKSCLI.DLL
00007FFA406C0000 000000000029B000 C:\Windows\WinSxS\amd64_microsoft.windows.common-controls_6595b64144ccf1df_6.0.19041.7663_none_60b9ed0b71f50c93\comctl32.dll
00007FFA3F8B0000 000000000003E000 C:\Windows\system32\dataexchange.dll
00007FFA549A0000 0000000000264000 C:\Windows\system32\d3d11.dll
00007FFA54E20000 00000000001E5000 C:\Windows\system32\dcomp.dll
00007FFA572B0000 00000000000F6000 C:\Windows\system32\dxgi.dll
00007FFA51AB0000 0000000000203000 C:\Windows\system32\twinapi.appcore.dll

Called from ONEVENT(0)
Called from HWGAX_EMBEDBROWSEROBJECT(0)
Called from HHTML:ACTIVATE(60) in activex\hhtml.prg
Called from HHTML:NEW(51) in activex\hhtml.prg
Called from MAIN(38) in iesample.prg
------------------------------------------------------------------------
Application Internal Error - C:\dev\hwgui\samples\ole\iesample.exe
Terminated at: 2026-09-07 20:59:32
Unrecoverable error 6005: Exception error:

    Exception Code:C0000005 ACCESS_VIOLATION
    Exception Address:00007FF680896D14
    RAX:00007FF68096C9A8  RBX:000002BDD1507C78  RCX:000002BDD1507CD8  RDX:00000000FFFFFFFF
    RSI:00000000FFFFFFFF  RDI:000002BDD1507060  RBP:00007FF680911730
    R8 :0000000000000001  R9 :000002BDD1507CD0  R10:0000000000000060  R11:0000000000000000
    R12:00007FF6808F7FC0  R13:00007FF680964830  R14:000002BDD1507080  R15:00007FF680911930
    CS:RIP:0033:00007FF680896D14  SS:RSP:002B:000000CDD3CFE658
    DS:002B  ES:002B  FS:0053  GS:002B
    Flags:00010206
    Exception Parameters: 0000000000000000 00000000FFFFFFFF

Modules:
00007FF6807D0000 00000000001E1000 C:\dev\hwgui\samples\ole\iesample.exe
00007FFA5B3F0000 00000000001F9000 C:\Windows\SYSTEM32\ntdll.dll
00007FFA5B1B0000 00000000000C2000 C:\Windows\System32\KERNEL32.DLL
00007FFA58BC0000 00000000002F7000 C:\Windows\System32\KERNELBASE.dll
00007FFA591C0000 0000000000100000 C:\Windows\System32\ucrtbase.dll
00007FFA5AE40000 000000000019D000 C:\Windows\System32\USER32.dll
00007FFA59370000 0000000000022000 C:\Windows\System32\win32u.dll
00007FFA5AD30000 000000000002B000 C:\Windows\System32\GDI32.dll
00007FFA590A0000 000000000011A000 C:\Windows\System32\gdi32full.dll
00007FFA58AF0000 000000000009D000 C:\Windows\System32\msvcp_win.dll
00007FFA5AD60000 00000000000DA000 C:\Windows\System32\comdlg32.dll
00007FFA59460000 000000000009E000 C:\Windows\System32\msvcrt.dll
00007FFA5A170000 0000000000353000 C:\Windows\System32\combase.dll
00007FFA59D60000 0000000000126000 C:\Windows\System32\RPCRT4.dll
00007FFA34710000 00000000000B0000 C:\Windows\WinSxS\amd64_microsoft.windows.common-controls_6595b64144ccf1df_5.82.19041.7291_none_792d678f2443dbb3\COMCTL32.dll
00007FFA5A530000 00000000000B2000 C:\Windows\System32\ADVAPI32.dll
00007FFA59510000 00000000000AD000 C:\Windows\System32\shcore.dll
00007FFA5A5F0000 000000000005B000 C:\Windows\System32\SHLWAPI.dll
00007FFA5A770000 00000000000A0000 C:\Windows\System32\sechost.dll
00007FFA58B90000 0000000000027000 C:\Windows\System32\bcrypt.dll
00007FFA595E0000 0000000000771000 C:\Windows\System32\SHELL32.dll
00007FFA5B280000 000000000012B000 C:\Windows\System32\ole32.dll
00007FFA5AFE0000 00000000000D6000 C:\Windows\System32\OLEAUT32.dll
00007FFA35B90000 00000000001AB000 C:\Windows\WinSxS\amd64_microsoft.windows.gdiplus_6595b64144ccf1df_1.1.19041.7663_none_91a4dff0cc878661\gdiplus.dll
00007FFA4D120000 0000000000027000 C:\Windows\SYSTEM32\WINMM.dll
00007FFA3F730000 00000000000A4000 C:\Windows\SYSTEM32\WINSPOOL.DRV
00007FFA59E90000 000000000002F000 C:\Windows\System32\IMM32.DLL
00007FFA563F0000 000000000009E000 C:\Windows\system32\uxtheme.dll
00007FFA5A650000 0000000000116000 C:\Windows\System32\MSCTF.dll
00007FFA489D0000 00000000000AC000 C:\Windows\SYSTEM32\TextShaping.dll
00007FFA568E0000 0000000000012000 C:\Windows\SYSTEM32\kernel.appcore.dll
00007FFA58A60000 0000000000082000 C:\Windows\System32\bcryptPrimitives.dll
00007FFA5A810000 00000000000A9000 C:\Windows\System32\clbcatq.dll
00007FFA03100000 000000000076C000 C:\Windows\System32\ieframe.dll
00007FFA4F6B0000 00000000002BE000 C:\Windows\System32\iertutil.dll
00007FFA58940000 000000000002E000 C:\Windows\System32\USERENV.dll
00007FFA4D720000 000000000000A000 C:\Windows\System32\VERSION.dll
00007FFA4CB50000 0000000000019000 C:\Windows\System32\NETAPI32.dll
00007FFA52460000 000000000010D000 C:\Windows\System32\WINHTTP.dll
00007FFA50460000 0000000000028000 C:\Windows\System32\srvcli.dll
00007FFA57ED0000 000000000000C000 C:\Windows\System32\netutils.dll
00007FFA57B20000 0000000000019000 C:\Windows\System32\WKSCLI.DLL
00007FFA406C0000 000000000029B000 C:\Windows\WinSxS\amd64_microsoft.windows.common-controls_6595b64144ccf1df_6.0.19041.7663_none_60b9ed0b71f50c93\comctl32.dll
00007FFA3F8B0000 000000000003E000 C:\Windows\system32\dataexchange.dll
00007FFA54E20000 00000000001E5000 C:\Windows\system32\dcomp.dll
00007FFA549A0000 0000000000264000 C:\Windows\system32\d3d11.dll
00007FFA572B0000 00000000000F6000 C:\Windows\system32\dxgi.dll
00007FFA51AB0000 0000000000203000 C:\Windows\system32\twinapi.appcore.dll

Called from VALTYPE(0)
Called from DEFERROR(63) in source\winapi\herrsys.prg
Called from (b)HWG_ERRSYS(20) in source\winapi\herrsys.prg
Called from ONEVENT(0)
Called from HWGAX_EMBEDBROWSEROBJECT(0)
Called from HHTML:ACTIVATE(60) in activex\hhtml.prg
Called from HHTML:NEW(51) in activex\hhtml.prg
Called from MAIN(38) in iesample.prg
------------------------------------------------------------------------
Application Internal Error - C:\dev\hwgui\samples\ole\iesample.exe
Terminated at: 2026-09-07 20:59:33
Unrecoverable error 6005: Exception error:

    Exception Code:C0000005 ACCESS_VIOLATION
    Exception Address:00007FF6807EAB98
    RAX:0000000080004002  RBX:000000ACB33EEC78  RCX:0000000000000000  RDX:0000000000000000
    RSI:0000024ED2BDFF48  RDI:00007FF68095E880  RBP:000000ACB33EF110
    R8 :000000ACB33EEC78  R9 :0000000000000000  R10:0000000000007EC0  R11:0000000000000246
    R12:00007FF680973310  R13:0000000000760488  R14:0000024ED2BE78E8  R15:0000024ED4513B78
    CS:RIP:0033:00007FF6807EAB98  SS:RSP:002B:000000ACB33EEC00
    DS:002B  ES:002B  FS:0053  GS:002B
    Flags:00010293
    Exception Parameters: 0000000000000000 0000000080004004

Modules:
00007FF6807D0000 00000000001E1000 C:\dev\hwgui\samples\ole\iesample.exe
00007FFA5B3F0000 00000000001F9000 C:\Windows\SYSTEM32\ntdll.dll
00007FFA5B1B0000 00000000000C2000 C:\Windows\System32\KERNEL32.DLL
00007FFA58BC0000 00000000002F7000 C:\Windows\System32\KERNELBASE.dll
00007FFA591C0000 0000000000100000 C:\Windows\System32\ucrtbase.dll
00007FFA5AE40000 000000000019D000 C:\Windows\System32\USER32.dll
00007FFA59370000 0000000000022000 C:\Windows\System32\win32u.dll
00007FFA5AD30000 000000000002B000 C:\Windows\System32\GDI32.dll
00007FFA590A0000 000000000011A000 C:\Windows\System32\gdi32full.dll
00007FFA58AF0000 000000000009D000 C:\Windows\System32\msvcp_win.dll
00007FFA5AD60000 00000000000DA000 C:\Windows\System32\comdlg32.dll
00007FFA59460000 000000000009E000 C:\Windows\System32\msvcrt.dll
00007FFA5A170000 0000000000353000 C:\Windows\System32\combase.dll
00007FFA59D60000 0000000000126000 C:\Windows\System32\RPCRT4.dll
00007FFA34710000 00000000000B0000 C:\Windows\WinSxS\amd64_microsoft.windows.common-controls_6595b64144ccf1df_5.82.19041.7291_none_792d678f2443dbb3\COMCTL32.dll
00007FFA5A530000 00000000000B2000 C:\Windows\System32\ADVAPI32.dll
00007FFA59510000 00000000000AD000 C:\Windows\System32\shcore.dll
00007FFA5A770000 00000000000A0000 C:\Windows\System32\sechost.dll
00007FFA5A5F0000 000000000005B000 C:\Windows\System32\SHLWAPI.dll
00007FFA58B90000 0000000000027000 C:\Windows\System32\bcrypt.dll
00007FFA595E0000 0000000000771000 C:\Windows\System32\SHELL32.dll
00007FFA5B280000 000000000012B000 C:\Windows\System32\ole32.dll
00007FFA5AFE0000 00000000000D6000 C:\Windows\System32\OLEAUT32.dll
00007FFA35B90000 00000000001AB000 C:\Windows\WinSxS\amd64_microsoft.windows.gdiplus_6595b64144ccf1df_1.1.19041.7663_none_91a4dff0cc878661\gdiplus.dll
00007FFA4D120000 0000000000027000 C:\Windows\SYSTEM32\WINMM.dll
00007FFA3F730000 00000000000A4000 C:\Windows\SYSTEM32\WINSPOOL.DRV
00007FFA59E90000 000000000002F000 C:\Windows\System32\IMM32.DLL
00007FFA563F0000 000000000009E000 C:\Windows\system32\uxtheme.dll
00007FFA5A650000 0000000000116000 C:\Windows\System32\MSCTF.dll
00007FFA489D0000 00000000000AC000 C:\Windows\SYSTEM32\TextShaping.dll
00007FFA568E0000 0000000000012000 C:\Windows\SYSTEM32\kernel.appcore.dll
00007FFA58A60000 0000000000082000 C:\Windows\System32\bcryptPrimitives.dll
00007FFA5A810000 00000000000A9000 C:\Windows\System32\clbcatq.dll
00007FFA03100000 000000000076C000 C:\Windows\System32\ieframe.dll
00007FFA4CB50000 0000000000019000 C:\Windows\System32\NETAPI32.dll
00007FFA4F6B0000 00000000002BE000 C:\Windows\System32\iertutil.dll
00007FFA4D720000 000000000000A000 C:\Windows\System32\VERSION.dll
00007FFA58940000 000000000002E000 C:\Windows\System32\USERENV.dll
00007FFA52460000 000000000010D000 C:\Windows\System32\WINHTTP.dll
00007FFA50460000 0000000000028000 C:\Windows\System32\srvcli.dll
00007FFA57ED0000 000000000000C000 C:\Windows\System32\netutils.dll
00007FFA57B20000 0000000000019000 C:\Windows\System32\WKSCLI.DLL
00007FFA406C0000 000000000029B000 C:\Windows\WinSxS\amd64_microsoft.windows.common-controls_6595b64144ccf1df_6.0.19041.7663_none_60b9ed0b71f50c93\comctl32.dll
00007FFA3F8B0000 000000000003E000 C:\Windows\system32\dataexchange.dll
00007FFA549A0000 0000000000264000 C:\Windows\system32\d3d11.dll
00007FFA54E20000 00000000001E5000 C:\Windows\system32\dcomp.dll
00007FFA572B0000 00000000000F6000 C:\Windows\system32\dxgi.dll
00007FFA51AB0000 0000000000203000 C:\Windows\system32\twinapi.appcore.dll

Called from ONEVENT(0)
------------------------------------------------------------------------
Application Internal Error - C:\dev\hwgui\samples\ole\iesample.exe
Terminated at: 2026-09-07 20:59:34
Unrecoverable error 6005: Exception error:

    Exception Code:C0000005 ACCESS_VIOLATION
    Exception Address:00007FF6807E0D8B
    RAX:00FFFFF98141C031  RBX:0000022F795E7918  RCX:00007FF680972628  RDX:00007FF6808969D0
    RSI:00007FF6808969D0  RDI:00007FF680972628  RBP:000000D00FD2EFB0
    R8 :000000D00FD2EB18  R9 :0000000000000000  R10:0000000000280700  R11:0000000000000246
    R12:00007FF680973310  R13:00000000001D074C  R14:00007FF680972628  R15:000000D00FD2EB18
    CS:RIP:0033:00007FF6807E0D8B  SS:RSP:002B:000000D00FD2EA60
    DS:002B  ES:002B  FS:0053  GS:002B
    Flags:00010286
    Exception Parameters: 0000000000000000 FFFFFFFFFFFFFFFF

Modules:
00007FF6807D0000 00000000001E1000 C:\dev\hwgui\samples\ole\iesample.exe
00007FFA5B3F0000 00000000001F9000 C:\Windows\SYSTEM32\ntdll.dll
00007FFA5B1B0000 00000000000C2000 C:\Windows\System32\KERNEL32.DLL
00007FFA58BC0000 00000000002F7000 C:\Windows\System32\KERNELBASE.dll
00007FFA591C0000 0000000000100000 C:\Windows\System32\ucrtbase.dll
00007FFA5AE40000 000000000019D000 C:\Windows\System32\USER32.dll
00007FFA59370000 0000000000022000 C:\Windows\System32\win32u.dll
00007FFA5AD30000 000000000002B000 C:\Windows\System32\GDI32.dll
00007FFA590A0000 000000000011A000 C:\Windows\System32\gdi32full.dll
00007FFA58AF0000 000000000009D000 C:\Windows\System32\msvcp_win.dll
00007FFA5AD60000 00000000000DA000 C:\Windows\System32\comdlg32.dll
00007FFA59460000 000000000009E000 C:\Windows\System32\msvcrt.dll
00007FFA5A170000 0000000000353000 C:\Windows\System32\combase.dll
00007FFA59D60000 0000000000126000 C:\Windows\System32\RPCRT4.dll
00007FFA59510000 00000000000AD000 C:\Windows\System32\shcore.dll
00007FFA5A5F0000 000000000005B000 C:\Windows\System32\SHLWAPI.dll
00007FFA595E0000 0000000000771000 C:\Windows\System32\SHELL32.dll
00007FFA5A530000 00000000000B2000 C:\Windows\System32\ADVAPI32.dll
00007FFA5A770000 00000000000A0000 C:\Windows\System32\sechost.dll
00007FFA58B90000 0000000000027000 C:\Windows\System32\bcrypt.dll
00007FFA5B280000 000000000012B000 C:\Windows\System32\ole32.dll
00007FFA5AFE0000 00000000000D6000 C:\Windows\System32\OLEAUT32.dll
00007FFA34710000 00000000000B0000 C:\Windows\WinSxS\amd64_microsoft.windows.common-controls_6595b64144ccf1df_5.82.19041.7291_none_792d678f2443dbb3\COMCTL32.dll
00007FFA35B90000 00000000001AB000 C:\Windows\WinSxS\amd64_microsoft.windows.gdiplus_6595b64144ccf1df_1.1.19041.7663_none_91a4dff0cc878661\gdiplus.dll
00007FFA4D120000 0000000000027000 C:\Windows\SYSTEM32\WINMM.dll
00007FFA3F730000 00000000000A4000 C:\Windows\SYSTEM32\WINSPOOL.DRV
00007FFA59E90000 000000000002F000 C:\Windows\System32\IMM32.DLL
00007FFA563F0000 000000000009E000 C:\Windows\system32\uxtheme.dll
00007FFA5A650000 0000000000116000 C:\Windows\System32\MSCTF.dll
00007FFA489D0000 00000000000AC000 C:\Windows\SYSTEM32\TextShaping.dll
00007FFA568E0000 0000000000012000 C:\Windows\SYSTEM32\kernel.appcore.dll
00007FFA58A60000 0000000000082000 C:\Windows\System32\bcryptPrimitives.dll
00007FFA5A810000 00000000000A9000 C:\Windows\System32\clbcatq.dll
00007FFA03100000 000000000076C000 C:\Windows\System32\ieframe.dll
00007FFA4F6B0000 00000000002BE000 C:\Windows\System32\iertutil.dll
00007FFA4CB50000 0000000000019000 C:\Windows\System32\NETAPI32.dll
00007FFA4D720000 000000000000A000 C:\Windows\System32\VERSION.dll
00007FFA58940000 000000000002E000 C:\Windows\System32\USERENV.dll
00007FFA52460000 000000000010D000 C:\Windows\System32\WINHTTP.dll
00007FFA50460000 0000000000028000 C:\Windows\System32\srvcli.dll
00007FFA57ED0000 000000000000C000 C:\Windows\System32\netutils.dll
00007FFA57B20000 0000000000019000 C:\Windows\System32\WKSCLI.DLL
00007FFA406C0000 000000000029B000 C:\Windows\WinSxS\amd64_microsoft.windows.common-controls_6595b64144ccf1df_6.0.19041.7663_none_60b9ed0b71f50c93\comctl32.dll
00007FFA3F8B0000 000000000003E000 C:\Windows\system32\dataexchange.dll
00007FFA54E20000 00000000001E5000 C:\Windows\system32\dcomp.dll
00007FFA549A0000 0000000000264000 C:\Windows\system32\d3d11.dll
000Application Internal Error - C:\dev\hwgui\samples\ole\iesample.exe
Terminated at: 2026-09-07 20:59:34
Unrecoverable error 6005: Exception error:

    Exception Code:C0000005 ACCESS_VIOLATION
    Exception Address:00007FF6807FD127
    RAX:00007FF68096CA20  RBX:000000C1F01FECA8  RCX:00000287EACE7918  RDX:00007FF68096C960
    RSI:00000287EACDFF48  RDI:00007FF68095E880  RBP:000000C1F01FF140
    R8 :00047FAA853FB710  R9 :0000000000000000  R10:0000000000530194  R11:0000000000000246
    R12:00007FF680973310  R13:00000000001406BC  R14:00000287EACE78E8  R15:00000287EC686238
    CS:RIP:0033:00007FF6807FD127  SS:RSP:002B:000000C1F01FEBE0
    DS:002B  ES:002B  FS:0053  GS:002B
    Flags:00010202
    Exception Parameters: 0000000000000000 FFFFFFFFFFFFFFFF

Modules:
00007FF6807D0000 00000000001E1000 C:\dev\hwgui\samples\ole\iesample.exe
00007FFA5B3F0000 00000000001F9000 C:\Windows\SYSTEM32\ntdll.dll
00007FFA5B1B0000 00000000000C2000 C:\Windows\System32\KERNEL32.DLL
00007FFA58BC0000 00000000002F7000 C:\Windows\System32\KERNELBASE.dll
00007FFA591C0000 0000000000100000 C:\Windows\System32\ucrtbase.dll
00007FFA5AE40000 000000000019D000 C:\Windows\System32\USER32.dll
00007FFA59370000 0000000000022000 C:\Windows\System32\win32u.dll
00007FFA5AD30000 000000000002B000 C:\Windows\System32\GDI32.dll
00007FFA590A0000 000000000011A000 C:\Windows\System32\gdi32full.dll
00007FFA58AF0000 000000000009D000 C:\Windows\System32\msvcp_win.dll
00007FFA5AD60000 00000000000DA000 C:\Windows\System32\comdlg32.dll
00007FFA59460000 000000000009E000 C:\Windows\System32\msvcrt.dll
00007FFA5A170000 0000000000353000 C:\Windows\System32\combase.dll
00007FFA59D60000 0000000000126000 C:\Windows\System32\RPCRT4.dll
00007FFA59510000 00000000000AD000 C:\Windows\System32\shcore.dll
00007FFA5A5F0000 000000000005B000 C:\Windows\System32\SHLWAPI.dll
00007FFA34710000 00000000000B0000 C:\Windows\WinSxS\amd64_microsoft.windows.common-controls_6595b64144ccf1df_5.82.19041.7291_none_792d678f2443dbb3\COMCTL32.dll
00007FFA5A530000 00000000000B2000 C:\Windows\System32\ADVAPI32.dll
00007FFA595E0000 0000000000771000 C:\Windows\System32\SHELL32.dll
00007FFA5A770000 00000000000A0000 C:\Windows\System32\sechost.dll
00007FFA5B280000 000000000012B000 C:\Windows\System32\ole32.dll
00007FFA58B90000 0000000000027000 C:\Windows\System32\bcrypt.dll
00007FFA5AFE0000 00000000000D6000 C:\Windows\System32\OLEAUT32.dll
00007FFA35B90000 00000000001AB000 C:\Windows\WinSxS\amd64_microsoft.windows.gdiplus_6595b64144ccf1df_1.1.19041.7663_none_91a4dff0cc878661\gdiplus.dll
00007FFA4D120000 0000000000027000 C:\Windows\SYSTEM32\WINMM.dll
00007FFA3F730000 00000000000A4000 C:\Windows\SYSTEM32\WINSPOOL.DRV
00007FFA59E90000 000000000002F000 C:\Windows\System32\IMM32.DLL
00007FFA563F0000 000000000009E000 C:\Windows\system32\uxtheme.dll
00007FFA5A650000 0000000000116000 C:\Windows\System32\MSCTF.dll
00007FFA489D0000 00000000000AC000 C:\Windows\SYSTEM32\TextShaping.dll
00007FFA568E0000 0000000000012000 C:\Windows\SYSTEM32\kernel.appcore.dll
00007FFA58A60000 0000000000082000 C:\Windows\System32\bcryptPrimitives.dll
00007FFA5A810000 00000000000A9000 C:\Windows\System32\clbcatq.dll
00007FFA03100000 000000000076C000 C:\Windows\System32\ieframe.dll
00007FFA4F6B0000 00000000002BE000 C:\Windows\System32\iertutil.dll
00007FFA4CB50000 0000000000019000 C:\Windows\System32\NETAPI32.dll
00007FFA4D720000 000000000000A000 C:\Windows\System32\VERSION.dll
00007FFA58940000 000000000002E000 C:\Windows\System32\USERENV.dll
00007FFA50460000 0000000000028000 C:\Windows\System32\srvcli.dll
00007FFA57ED0000 000000000000C000 C:\Windows\System32\netutils.dll
00007FFA52460000 000000000010D000 C:\Windows\System32\WINHTTP.dll
00007FFA57B20000 0000000000019000 C:\Windows\System32\WKSCLI.DLL
00007FFA406C0000 000000000029B000 C:\Windows\WinSxS\amd64_microsoft.windows.common-controls_6595b64144ccf1df_6.0.19041.7663_none_60b9ed0b71f50c93\comctl32.dll
00007FFA3F8B0000 000000000003E000 C:\Windows\system32\dataexchange.dll
00007FFA549A0000 0000000000264000 C:\Windows\system32\d3d11.dll
00007FFA54E20000 00000000001E5000 C:\Windows\system32\dcomp.dll
00007FFA572B0000 00000000000F6000 C:\Windows\system32\dxgi.dll
00007FFA51AB0000 0000000000203000 C:\Windows\system32\twinapi.appcore.dll

Called from ONEVENT(0)
Called from HWGAX_EMBEDBROWSEROBJECT(0)
Called from HHTML:ACTIVATE(60) in activex\hhtml.prg
Called from HHTML:NEW(51) in activex\hhtml.prg
Called from MAIN(38) in iesample.prg
------------------------------------------------------------------------
Application Internal Error - C:\dev\hwgui\samples\ole\iesample.exe
Terminated at: 2026-09-07 20:59:36
Unrecoverable error 6005: Exception error:

    Exception Code:C0000005 ACCESS_VIOLATION
    Exception Address:00007FF6807EAB98
    RAX:0000000080004002  RBX:00000015020FEBE8  RCX:0000000000000000  RDX:0000000000000000
    RSI:0000018EF0E8FF48  RDI:00007FF68095E880  RBP:00000015020FF080
    R8 :00000015020FEBE8  R9 :0000000000000000  R10:0000000000007EC0  R11:0000000000000246
    R12:00007FF680973310  R13:00000000001E074C  R14:0000018EF0E978E8  R15:0000018EF27C3B78
    CS:RIP:0033:00007FF6807EAB98  SS:RSP:002B:00000015020FEB70
    DS:002B  ES:002B  FS:0053  GS:002B
    Flags:00010293
    Exception Parameters: 0000000000000000 0000000080004004

Modules:
00007FF6807D0000 00000000001E1000 C:\dev\hwgui\samples\ole\iesample.exe
00007FFA5B3F0000 00000000001F9000 C:\Windows\SYSTEM32\ntdll.dll
00007FFA5B1B0000 00000000000C2000 C:\Windows\System32\KERNEL32.DLL
00007FFA58BC0000 00000000002F7000 C:\Windows\System32\KERNELBASE.dll
00007FFA591C0000 0000000000100000 C:\Windows\System32\ucrtbase.dll
00007FFA5AE40000 000000000019D000 C:\Windows\System32\USER32.dll
00007FFA59370000 0000000000022000 C:\Windows\System32\win32u.dll
00007FFA5AD30000 000000000002B000 C:\Windows\System32\GDI32.dll
00007FFA590A0000 000000000011A000 C:\Windows\System32\gdi32full.dll
00007FFA58AF0000 000000000009D000 C:\Windows\System32\msvcp_win.dll
00007FFA5AD60000 00000000000DA000 C:\Windows\System32\comdlg32.dll
00007FFA59460000 000000000009E000 C:\Windows\System32\msvcrt.dll
00007FFA5A170000 0000000000353000 C:\Windows\System32\combase.dll
00007FFA34710000 00000000000B0000 C:\Windows\WinSxS\amd64_microsoft.windows.common-controls_6595b64144ccf1df_5.82.19041.7291_none_792d678f2443dbb3\COMCTL32.dll
00007FFA59D60000 0000000000126000 C:\Windows\System32\RPCRT4.dll
00007FFA59510000 00000000000AD000 C:\Windows\System32\shcore.dll
00007FFA5A5F0000 000000000005B000 C:\Windows\System32\SHLWAPI.dll
00007FFA595E0000 0000000000771000 C:\Windows\System32\SHELL32.dll
00007FFA5A530000 00000000000B2000 C:\Windows\System32\ADVAPI32.dll
00007FFA5A770000 00000000000A0000 C:\Windows\System32\sechost.dll
00007FFA58B90000 0000000000027000 C:\Windows\System32\bcrypt.dll
00007FFA5B280000 000000000012B000 C:\Windows\System32\ole32.dll
00007FFA5AFE0000 00000000000D6000 C:\Windows\System32\OLEAUT32.dll
00007FFA35B90000 00000000001AB000 C:\Windows\WinSxS\amd64_microsoft.windows.gdiplus_6595b64144ccf1df_1.1.19041.7663_none_91a4dff0cc878661\gdiplus.dll
00007FFA4D120000 0000000000027000 C:\Windows\SYSTEM32\WINMM.dll
00007FFA3F730000 00000000000A4000 C:\Windows\SYSTEM32\WINSPOOL.DRV
00007FFA59E90000 000000000002F000 C:\Windows\System32\IMM32.DLL
00007FFA563F0000 000000000009E000 C:\Windows\system32\uxtheme.dll
00007FFA5A650000 0000000000116000 C:\Windows\System32\MSCTF.dll
00007FFA489D0000 00000000000AC000 C:\Windows\SYSTEM32\TextShaping.dll
00007FFA568E0000 0000000000012000 C:\Windows\SYSTEM32\kernel.appcore.dll
00007FFA58A60000 0000000000082000 C:\Windows\System32\bcryptPrimitives.dll
00007FFA5A810000 00000000000A9000 C:\Windows\System32\clbcatq.dll
00007FFA03100000 000000000076C000 C:\Windows\System32\ieframe.dll
00007FFA4F6B0000 00000000002BE000 C:\Windows\System32\iertutil.dll
00007FFA4CB50000 0000000000019000 C:\Windows\System32\NETAPI32.dll
00007FFA4D720000 000000000000A000 C:\Windows\System32\VERSION.dll
00007FFA58940000 000000000002E000 C:\Windows\System32\USERENV.dll
00007FFA52460000 000000000010D000 C:\Windows\System32\WINHTTP.dll
00007FFA50460000 0000000000028000 C:\Windows\System32\srvcli.dll
00007FFA57ED0000 000000000000C000 C:\Windows\System32\netutils.dll
00007FFA57B20000 0000000000019000 C:\Windows\System32\WKSCLI.DLL
00007FFA406C0000 000000000029B000 C:\Windows\WinSxS\amd64_microsoft.windows.common-controls_6595b64144ccf1df_6.0.19041.7663_none_60b9ed0b71f50c93\comctl32.dll
00007FFA3F8B0000 000000000003E000 C:\Windows\system32\dataexchange.dll
00007FFA54E20000 00000000001E5000 C:\Windows\system32\dcomp.dll
00007FFA549A0000 0000000000264000 C:\Windows\system32\d3d11.dll
00007FFA572B0000 00000000000F6000 C:\Windows\system32\dxgi.dll
00007FFA51AB0000 0000000000203000 C:\Windows\system32\twinapi.appcore.dll

Called from ONEVENT(0)
------------------------------------------------------------------------
Application Internal Error - C:\dev\hwgui\samples\ole\iesample.exe
Terminated at: 2026-09-07 21:01:51
Unrecoverable error 9001: Error recovery failure
------------------------------------------------------------------------
Application Internal Error - C:\dev\hwgui\samples\ole\iesample.exe
Terminated at: 2026-09-07 21:45:29
Unrecoverable error 6005: Exception error:

    Exception Code:C0000005 ACCESS_VIOLATION
    Exception Address:00007FF6F13B0D6B
    RAX:00FFFFF98141C031  RBX:000001E1729D7918  RCX:00007FF6F1542608  RDX:00007FF6F14669B0
    RSI:00007FF6F14669B0  RDI:00007FF6F1542608  RBP:00000074D54FEFA0
    R8 :00000074D54FEB08  R9 :0000000000000000  R10:0000000000820488  R11:0000000000000246
    R12:00007FF6F15432F0  R13:00000000003B0724  R14:00007FF6F1542608  R15:00000074D54FEB08
    CS:RIP:0033:00007FF6F13B0D6B  SS:RSP:002B:00000074D54FEA50
    DS:002B  ES:002B  FS:0053  GS:002B
    Flags:00010286
    Exception Parameters: 0000000000000000 FFFFFFFFFFFFFFFF

Modules:
00007FF6F13A0000 00000000001E1000 C:\dev\hwgui\samples\ole\iesample.exe
00007FFA5B3F0000 00000000001F9000 C:\Windows\SYSTEM32\ntdll.dll
00007FFA5B1B0000 00000000000C2000 C:\Windows\System32\KERNEL32.DLL
00007FFA58BC0000 00000000002F7000 C:\Windows\System32\KERNELBASE.dll
00007FFA591C0000 0000000000100000 C:\Windows\System32\ucrtbase.dll
00007FFA5AE40000 000000000019D000 C:\Windows\System32\USER32.dll
00007FFA59370000 0000000000022000 C:\Windows\System32\win32u.dll
00007FFA5AD30000 000000000002B000 C:\Windows\System32\GDI32.dll
00007FFA590A0000 000000000011A000 C:\Windows\System32\gdi32full.dll
00007FFA58AF0000 000000000009D000 C:\Windows\System32\msvcp_win.dll
00007FFA5AD60000 00000000000DA000 C:\Windows\System32\comdlg32.dll
00007FFA34710000 00000000000B0000 C:\Windows\WinSxS\amd64_microsoft.windows.common-controls_6595b64144ccf1df_5.82.19041.7291_none_792d678f2443dbb3\COMCTL32.dll
00007FFA59460000 000000000009E000 C:\Windows\System32\msvcrt.dll
00007FFA5A170000 0000000000353000 C:\Windows\System32\combase.dll
00007FFA5A530000 00000000000B2000 C:\Windows\System32\ADVAPI32.dll
00007FFA59D60000 0000000000126000 C:\Windows\System32\RPCRT4.dll
00007FFA5A770000 00000000000A0000 C:\Windows\System32\sechost.dll
00007FFA59510000 00000000000AD000 C:\Windows\System32\shcore.dll
00007FFA58B90000 0000000000027000 C:\Windows\System32\bcrypt.dll
00007FFA5A5F0000 000000000005B000 C:\Windows\System32\SHLWAPI.dll
00007FFA595E0000 0000000000771000 C:\Windows\System32\SHELL32.dll
00007FFA5B280000 000000000012B000 C:\Windows\System32\ole32.dll
00007FFA5AFE0000 00000000000D6000 C:\Windows\System32\OLEAUT32.dll
00007FFA35B90000 00000000001AB000 C:\Windows\WinSxS\amd64_microsoft.windows.gdiplus_6595b64144ccf1df_1.1.19041.7663_none_91a4dff0cc878661\gdiplus.dll
00007FFA4D120000 0000000000027000 C:\Windows\SYSTEM32\WINMM.dll
00007FFA3F730000 00000000000A4000 C:\Windows\SYSTEM32\WINSPOOL.DRV
00007FFA59E90000 000000000002F000 C:\Windows\System32\IMM32.DLL
00007FFA563F0000 000000000009E000 C:\Windows\system32\uxtheme.dll
00007FFA5A650000 0000000000116000 C:\Windows\System32\MSCTF.dll
00007FFA489D0000 00000000000AC000 C:\Windows\SYSTEM32\TextShaping.dll
00007FFA568E0000 0000000000012000 C:\Windows\SYSTEM32\kernel.appcore.dll
00007FFA58A60000 0000000000082000 C:\Windows\System32\bcryptPrimitives.dll
00007FFA51E20000 00000000000F9000 C:\Windows\SYSTEM32\textinputframework.dll
00007FFA55730000 00000000000F2000 C:\Windows\System32\CoreMessaging.dll
00007FFA55850000 000000000035B000 C:\Windows\System32\CoreUIComponents.dll
00007FFA593F0000 000000000006B000 C:\Windows\System32\WS2_32.dll
00007FFA54C10000 0000000000157000 C:\Windows\SYSTEM32\wintypes.dll
00007FFA57C50000 0000000000033000 C:\Windows\SYSTEM32\ntmarta.dll
00007FFA5A810000 00000000000A9000 C:\Windows\System32\clbcatq.dll
00007FFA03100000 000000000076C000 C:\Windows\System32\ieframe.dll
00007FFA4CB50000 0000000000019000 C:\Windows\System32\NETAPI32.dll
00007FFA4D720000 000000000000A000 C:\Windows\System32\VERSION.dll
00007FFA4F6B0000 00000000002BE000 C:\Windows\System32\iertutil.dll
00007FFA58940000 000000000002E000 C:\Windows\System32\USERENV.dll
00007FFA50460000 0000000000028000 C:\Windows\System32\srvcli.dll
00007FFA57ED0000 000000000000C000 C:\Windows\System32\netutils.dll
00007FFA52460000 000000000010D000 C:\Windows\System32\WINHTTP.dll
0000Application Internal Error - C:\dev\hwgui\samples\ole\iesample.exe
Terminated at: 2026-09-07 21:45:44
Unrecoverable error 6005: Exception error:

    Exception Code:C0000005 ACCESS_VIOLATION
    Exception Address:00007FF7CC1C0D6B
    RAX:00FFFFF98141C031  RBX:0000019E6F727998  RCX:00007FF7CC352608  RDX:00007FF7CC2769B0
    RSI:00007FF7CC2769B0  RDI:00007FF7CC352608  RBP:0000004FC1F7F200
    R8 :0000004FC1F7ED68  R9 :0000000000000000  R10:000000000039047C  R11:0000000000000246
    R12:00007FF7CC3532F0  R13:0000000000850488  R14:00007FF7CC352608  R15:0000004FC1F7ED68
    CS:RIP:0033:00007FF7CC1C0D6B  SS:RSP:002B:0000004FC1F7ECB0
    DS:002B  ES:002B  FS:0053  GS:002B
    Flags:00010286
    Exception Parameters: 0000000000000000 FFFFFFFFFFFFFFFF

Modules:
00007FF7CC1B0000 00000000001E1000 C:\dev\hwgui\samples\ole\iesample.exe
00007FFA5B3F0000 00000000001F9000 C:\Windows\SYSTEM32\ntdll.dll
00007FFA5B1B0000 00000000000C2000 C:\Windows\System32\KERNEL32.DLL
00007FFA58BC0000 00000000002F7000 C:\Windows\System32\KERNELBASE.dll
00007FFA591C0000 0000000000100000 C:\Windows\System32\ucrtbase.dll
00007FFA5AE40000 000000000019D000 C:\Windows\System32\USER32.dll
00007FFA59370000 0000000000022000 C:\Windows\System32\win32u.dll
00007FFA5AD30000 000000000002B000 C:\Windows\System32\GDI32.dll
00007FFA590A0000 000000000011A000 C:\Windows\System32\gdi32full.dll
00007FFA58AF0000 000000000009D000 C:\Windows\System32\msvcp_win.dll
00007FFA5AD60000 00000000000DA000 C:\Windows\System32\comdlg32.dll
00007FFA59460000 000000000009E000 C:\Windows\System32\msvcrt.dll
00007FFA5A170000 0000000000353000 C:\Windows\System32\combase.dll
00007FFA59D60000 0000000000126000 C:\Windows\System32\RPCRT4.dll
00007FFA59510000 00000000000AD000 C:\Windows\System32\shcore.dll
00007FFA5A5F0000 000000000005B000 C:\Windows\System32\SHLWAPI.dll
00007FFA595E0000 0000000000771000 C:\Windows\System32\SHELL32.dll
00007FFA34710000 00000000000B0000 C:\Windows\WinSxS\amd64_microsoft.windows.common-controls_6595b64144ccf1df_5.82.19041.7291_none_792d678f2443dbb3\COMCTL32.dll
00007FFA5A530000 00000000000B2000 C:\Windows\System32\ADVAPI32.dll
00007FFA5B280000 000000000012B000 C:\Windows\System32\ole32.dll
00007FFA5AFE0000 00000000000D6000 C:\Windows\System32\OLEAUT32.dll
00007FFA5A770000 00000000000A0000 C:\Windows\System32\sechost.dll
00007FFA58B90000 0000000000027000 C:\Windows\System32\bcrypt.dll
00007FFA35B90000 00000000001AB000 C:\Windows\WinSxS\amd64_microsoft.windows.gdiplus_6595b64144ccf1df_1.1.19041.7663_none_91a4dff0cc878661\gdiplus.dll
00007FFA4D120000 0000000000027000 C:\Windows\SYSTEM32\WINMM.dll
00007FFA3F730000 00000000000A4000 C:\Windows\SYSTEM32\WINSPOOL.DRV
00007FFA59E90000 000000000002F000 C:\Windows\System32\IMM32.DLL
00007FFA563F0000 000000000009E000 C:\Windows\system32\uxtheme.dll
00007FFA5A650000 0000000000116000 C:\Windows\System32\MSCTF.dll
00007FFA489D0000 00000000000AC000 C:\Windows\SYSTEM32\TextShaping.dll
00007FFA568E0000 0000000000012000 C:\Windows\SYSTEM32\kernel.appcore.dll
00007FFA58A60000 0000000000082000 C:\Windows\System32\bcryptPrimitives.dll
00007FFA51E20000 00000000000F9000 C:\Windows\SYSTEM32\textinputframework.dll
00007FFA55850000 000000000035B000 C:\Windows\System32\CoreUIComponents.dll
00007FFA55730000 00000000000F2000 C:\Windows\System32\CoreMessaging.dll
00007FFA593F0000 000000000006B000 C:\Windows\System32\WS2_32.dll
00007FFA57C50000 0000000000033000 C:\Windows\SYSTEM32\ntmarta.dll
00007FFA54C10000 0000000000157000 C:\Windows\SYSTEM32\wintypes.dll
00007FFA5A810000 00000000000A9000 C:\Windows\System32\clbcatq.dll
00007FFA03100000 000000000076C000 C:\Windows\System32\ieframe.dll
00007FFA4F6B0000 00000000002BE000 C:\Windows\System32\iertutil.dll
00007FFA4CB50000 0000000000019000 C:\Windows\System32\NETAPI32.dll
00007FFA4D720000 000000000000A000 C:\Windows\System32\VERSION.dll
00007FFA58940000 000000000002E000 C:\Windows\System32\USERENV.dll
00007FFA52460000 000000000010D000 C:\Windows\System32\WINHTTP.dll
00007FFA50460000 0000000000028000 C:\Windows\System32\srvcli.dll
00007FFA57ED0000 000000000000C000 C:\Windows\System32\netutils.dll
0000